ISO-10303-21;
HEADER;

/* File generated by Shapr3D Version 3.0 */

FILE_DESCRIPTION(('HOOPS Exchange Step'),'2;1');

FILE_NAME('C:\\Users\\30abd\\AppData\\Local\\Packages\\Shapr3D.Shapr3D_dvv5p1vgwv6mp\\TempState\\export\\temp_export',
'2022-11-29T16:51:53+08:00',
('30abd'),
('Shapr3D Limited'),
'HOOPS Exchange 2022.0',
'Shapr3D',
'Authorized');

FILE_SCHEMA( ('AUTOMOTIVE_DESIGN { 1 0 10303 214 1 1 1 1 }') );

ENDSEC;

DATA;
#3=(NAMED_UNIT(*)PLANE_ANGLE_UNIT()SI_UNIT($,.RADIAN.));
#4=PLANE_ANGLE_MEASURE_WITH_UNIT(PLANE_ANGLE_MEASURE(0.0174532925),#3);
#5=(CONVERSION_BASED_UNIT('DEGREE',#4)NAMED_UNIT(#6)PLANE_ANGLE_UNIT());
#6=DIMENSIONAL_EXPONENTS(0.,0.,0.,0.,0.,0.,0.);
#7=(NAMED_UNIT(*)SI_UNIT($,.STERADIAN.)SOLID_ANGLE_UNIT());
#8=(LENGTH_UNIT()NAMED_UNIT(*)SI_UNIT(.MILLI.,.METRE.));
#9=UNCERTAINTY_MEASURE_WITH_UNIT(LENGTH_MEASURE(1.000000E-03),#8,'DISTANCE_ACCURACY_VALUE','Maximum Tolerance applied to model');
#10=(GEOMETRIC_REPRESENTATION_CONTEXT(3)GLOBAL_UNCERTAINTY_ASSIGNED_CONTEXT((#9))GLOBAL_UNIT_ASSIGNED_CONTEXT((#8,#5,#7))REPRESENTATION_CONTEXT('','root'));
#12=CARTESIAN_POINT('',(0.,0.,0.));
#13=DIRECTION('',(0.,0.,1.));
#14=DIRECTION('',(1.,0.,0.));
#15=AXIS2_PLACEMENT_3D('',#12,#13,#14);
#26=(NAMED_UNIT(*)PLANE_ANGLE_UNIT()SI_UNIT($,.RADIAN.));
#27=PLANE_ANGLE_MEASURE_WITH_UNIT(PLANE_ANGLE_MEASURE(0.0174532925),#26);
#28=(CONVERSION_BASED_UNIT('DEGREE',#27)NAMED_UNIT(#29)PLANE_ANGLE_UNIT());
#29=DIMENSIONAL_EXPONENTS(0.,0.,0.,0.,0.,0.,0.);
#30=(NAMED_UNIT(*)SI_UNIT($,.STERADIAN.)SOLID_ANGLE_UNIT());
#31=(LENGTH_UNIT()NAMED_UNIT(*)SI_UNIT(.MILLI.,.METRE.));
#32=UNCERTAINTY_MEASURE_WITH_UNIT(LENGTH_MEASURE(1.000000E-05),#31,'DISTANCE_ACCURACY_VALUE','Maximum Tolerance applied to model');
#33=(GEOMETRIC_REPRESENTATION_CONTEXT(3)GLOBAL_UNCERTAINTY_ASSIGNED_CONTEXT((#32))GLOBAL_UNIT_ASSIGNED_CONTEXT((#31,#28,#30))REPRESENTATION_CONTEXT('','temp_import.STEP'));
#45=CARTESIAN_POINT('',(0.,0.,0.));
#46=DIRECTION('',(0.,0.,1.));
#47=DIRECTION('',(1.,0.,-0.));
#48=AXIS2_PLACEMENT_3D('',#45,#46,#47);
#49=ITEM_DEFINED_TRANSFORMATION('','',#48,#15);
#50=(REPRESENTATION_RELATIONSHIP('','',#35,#16)REPRESENTATION_RELATIONSHIP_WITH_TRANSFORMATION(#49)SHAPE_REPRESENTATION_RELATIONSHIP());
#51=NEXT_ASSEMBLY_USAGE_OCCURRENCE('temp_import.STEP_1','temp_import.STEP','temp_import.STEP',#25,#44,$);
#52=PRODUCT_DEFINITION_SHAPE('','',#51);
#53=CONTEXT_DEPENDENT_SHAPE_REPRESENTATION(#50,#52);
#55=CARTESIAN_POINT('',(2.85,-9.34670273,-2.75));
#56=DIRECTION('',(0.,1.,0.));
#57=DIRECTION('',(0.,-0.,1.));
#58=AXIS2_PLACEMENT_3D('',#55,#56,#57);
#59=CYLINDRICAL_SURFACE('',#58,0.25);
#60=CARTESIAN_POINT('',(2.85,0.,-2.5));
#61=VERTEX_POINT('',#60);
#62=CARTESIAN_POINT('',(2.85,-0.02,-2.5));
#63=VERTEX_POINT('',#62);
#64=CARTESIAN_POINT('',(2.85,0.,-2.5));
#65=DIRECTION('',(-0.,-1.,-0.));
#66=VECTOR('',#65,0.02);
#67=LINE('',#64,#66);
#68=EDGE_CURVE('',#61,#63,#67,.T.);
#69=ORIENTED_EDGE('',*,*,#68,.T.);
#70=CARTESIAN_POINT('',(3.1,-0.02,-2.75));
#71=VERTEX_POINT('',#70);
#72=CARTESIAN_POINT('',(2.85,-0.02,-2.75));
#73=DIRECTION('',(0.,1.,0.));
#74=DIRECTION('',(0.,-0.,1.));
#75=AXIS2_PLACEMENT_3D('',#72,#73,#74);
#76=CIRCLE('',#75,0.25);
#77=EDGE_CURVE('NONE',#63,#71,#76,.T.);
#78=ORIENTED_EDGE('',*,*,#77,.T.);
#79=CARTESIAN_POINT('',(3.1,0.,-2.75));
#80=VERTEX_POINT('',#79);
#81=CARTESIAN_POINT('',(3.1,-0.02,-2.75));
#82=DIRECTION('',(0.,1.,0.));
#83=VECTOR('',#82,0.02);
#84=LINE('',#81,#83);
#85=EDGE_CURVE('NONE',#71,#80,#84,.T.);
#86=ORIENTED_EDGE('',*,*,#85,.T.);
#87=CARTESIAN_POINT('',(2.85,0.,-2.75));
#88=DIRECTION('',(-0.,-1.,-0.));
#89=DIRECTION('',(0.,-0.,1.));
#90=AXIS2_PLACEMENT_3D('',#87,#88,#89);
#91=CIRCLE('',#90,0.25);
#92=EDGE_CURVE('NONE',#80,#61,#91,.T.);
#93=ORIENTED_EDGE('',*,*,#92,.T.);
#94=EDGE_LOOP('',(#69,#78,#86,#93));
#95=FACE_BOUND('',#94,.T.);
#96=ADVANCED_FACE('NONE',(#95),#59,.T.);
#97=CARTESIAN_POINT('',(2.85,0.,-2.75));
#98=DIRECTION('',(0.,-1.,0.));
#99=DIRECTION('',(0.,0.,-1.));
#100=AXIS2_PLACEMENT_3D('',#97,#98,#99);
#101=PLANE('',#100);
#102=CARTESIAN_POINT('',(2.6,0.,-2.75));
#103=VERTEX_POINT('',#102);
#104=CARTESIAN_POINT('',(2.6,0.,-3.09));
#105=VERTEX_POINT('',#104);
#106=CARTESIAN_POINT('',(2.6,0.,-2.75));
#107=DIRECTION('',(0.,0.,-1.));
#108=VECTOR('',#107,0.34);
#109=LINE('',#106,#108);
#110=EDGE_CURVE('NONE',#103,#105,#109,.T.);
#111=ORIENTED_EDGE('',*,*,#110,.F.);
#112=CARTESIAN_POINT('',(2.85,0.,-2.75));
#113=DIRECTION('',(-0.,-1.,-0.));
#114=DIRECTION('',(0.,-0.,1.));
#115=AXIS2_PLACEMENT_3D('',#112,#113,#114);
#116=CIRCLE('',#115,0.25);
#117=EDGE_CURVE('NONE',#61,#103,#116,.T.);
#118=ORIENTED_EDGE('',*,*,#117,.F.);
#119=ORIENTED_EDGE('',*,*,#92,.F.);
#120=CARTESIAN_POINT('',(3.1,0.,-3.09));
#121=VERTEX_POINT('',#120);
#122=CARTESIAN_POINT('',(3.1,0.,-3.09));
#123=DIRECTION('',(0.,0.,1.));
#124=VECTOR('',#123,0.34);
#125=LINE('',#122,#124);
#126=EDGE_CURVE('NONE',#121,#80,#125,.T.);
#127=ORIENTED_EDGE('',*,*,#126,.F.);
#128=CARTESIAN_POINT('',(2.6,0.,-3.09));
#129=DIRECTION('',(1.,0.,-0.));
#130=VECTOR('',#129,0.5);
#131=LINE('',#128,#130);
#132=EDGE_CURVE('NONE',#105,#121,#131,.T.);
#133=ORIENTED_EDGE('',*,*,#132,.F.);
#134=EDGE_LOOP('',(#111,#118,#119,#127,#133));
#135=FACE_BOUND('',#134,.T.);
#136=ADVANCED_FACE('NONE',(#135),#101,.F.);
#137=CARTESIAN_POINT('',(3.1,-9.34670273,-3.09));
#138=DIRECTION('',(-1.,0.,0.));
#139=DIRECTION('',(0.,0.,1.));
#140=AXIS2_PLACEMENT_3D('',#137,#138,#139);
#141=PLANE('',#140);
#142=ORIENTED_EDGE('',*,*,#85,.F.);
#143=CARTESIAN_POINT('',(3.1,-0.02,-3.09));
#144=VERTEX_POINT('',#143);
#145=CARTESIAN_POINT('',(3.1,-0.02,-2.75));
#146=DIRECTION('',(-0.,-0.,-1.));
#147=VECTOR('',#146,0.34);
#148=LINE('',#145,#147);
#149=EDGE_CURVE('NONE',#71,#144,#148,.T.);
#150=ORIENTED_EDGE('',*,*,#149,.T.);
#151=CARTESIAN_POINT('',(3.1,-0.02,-3.09));
#152=DIRECTION('',(0.,1.,0.));
#153=VECTOR('',#152,0.02);
#154=LINE('',#151,#153);
#155=EDGE_CURVE('NONE',#144,#121,#154,.T.);
#156=ORIENTED_EDGE('',*,*,#155,.T.);
#157=ORIENTED_EDGE('',*,*,#126,.T.);
#158=EDGE_LOOP('',(#142,#150,#156,#157));
#159=FACE_BOUND('',#158,.T.);
#160=ADVANCED_FACE('NONE',(#159),#141,.F.);
#161=CARTESIAN_POINT('',(2.6,-9.34670273,-3.09));
#162=DIRECTION('',(0.,0.,1.));
#163=DIRECTION('',(1.,0.,0.));
#164=AXIS2_PLACEMENT_3D('',#161,#162,#163);
#165=PLANE('',#164);
#166=ORIENTED_EDGE('',*,*,#155,.F.);
#167=CARTESIAN_POINT('',(2.6,-0.02,-3.09));
#168=VERTEX_POINT('',#167);
#169=CARTESIAN_POINT('',(3.1,-0.02,-3.09));
#170=DIRECTION('',(-1.,-0.,0.));
#171=VECTOR('',#170,0.5);
#172=LINE('',#169,#171);
#173=EDGE_CURVE('NONE',#144,#168,#172,.T.);
#174=ORIENTED_EDGE('',*,*,#173,.T.);
#175=CARTESIAN_POINT('',(2.6,-0.02,-3.09));
#176=DIRECTION('',(0.,1.,0.));
#177=VECTOR('',#176,0.02);
#178=LINE('',#175,#177);
#179=EDGE_CURVE('NONE',#168,#105,#178,.T.);
#180=ORIENTED_EDGE('',*,*,#179,.T.);
#181=ORIENTED_EDGE('',*,*,#132,.T.);
#182=EDGE_LOOP('',(#166,#174,#180,#181));
#183=FACE_BOUND('',#182,.T.);
#184=ADVANCED_FACE('NONE',(#183),#165,.F.);
#185=CARTESIAN_POINT('',(2.6,-9.34670273,-2.75));
#186=DIRECTION('',(1.,0.,0.));
#187=DIRECTION('',(0.,0.,-1.));
#188=AXIS2_PLACEMENT_3D('',#185,#186,#187);
#189=PLANE('',#188);
#190=ORIENTED_EDGE('',*,*,#179,.F.);
#191=CARTESIAN_POINT('',(2.6,-0.02,-2.75));
#192=VERTEX_POINT('',#191);
#193=CARTESIAN_POINT('',(2.6,-0.02,-3.09));
#194=DIRECTION('',(-0.,-0.,1.));
#195=VECTOR('',#194,0.34);
#196=LINE('',#193,#195);
#197=EDGE_CURVE('NONE',#168,#192,#196,.T.);
#198=ORIENTED_EDGE('',*,*,#197,.T.);
#199=CARTESIAN_POINT('',(2.6,-0.02,-2.75));
#200=DIRECTION('',(0.,1.,0.));
#201=VECTOR('',#200,0.02);
#202=LINE('',#199,#201);
#203=EDGE_CURVE('NONE',#192,#103,#202,.T.);
#204=ORIENTED_EDGE('',*,*,#203,.T.);
#205=ORIENTED_EDGE('',*,*,#110,.T.);
#206=EDGE_LOOP('',(#190,#198,#204,#205));
#207=FACE_BOUND('',#206,.T.);
#208=ADVANCED_FACE('NONE',(#207),#189,.F.);
#209=CARTESIAN_POINT('',(0.,-0.02,0.));
#210=DIRECTION('',(0.,1.,0.));
#211=DIRECTION('',(0.,0.,1.));
#212=AXIS2_PLACEMENT_3D('',#209,#210,#211);
#213=PLANE('',#212);
#214=ORIENTED_EDGE('',*,*,#173,.F.);
#215=ORIENTED_EDGE('',*,*,#149,.F.);
#216=ORIENTED_EDGE('',*,*,#77,.F.);
#217=CARTESIAN_POINT('',(2.85,-0.02,-2.75));
#218=DIRECTION('',(0.,1.,0.));
#219=DIRECTION('',(0.,-0.,1.));
#220=AXIS2_PLACEMENT_3D('',#217,#218,#219);
#221=CIRCLE('',#220,0.25);
#222=EDGE_CURVE('NONE',#192,#63,#221,.T.);
#223=ORIENTED_EDGE('',*,*,#222,.F.);
#224=ORIENTED_EDGE('',*,*,#197,.F.);
#225=EDGE_LOOP('',(#214,#215,#216,#223,#224));
#226=FACE_BOUND('',#225,.T.);
#227=ADVANCED_FACE('NONE',(#226),#213,.F.);
#228=COLOUR_RGB('',0.862745106,0.686274529,0.388235301);
#229=FILL_AREA_STYLE_COLOUR('',#228);
#230=FILL_AREA_STYLE('',(#229));
#231=SURFACE_STYLE_FILL_AREA(#230);
#232=SURFACE_SIDE_STYLE('',(#231));
#233=SURFACE_STYLE_USAGE(.BOTH.,#232);
#234=PRESENTATION_STYLE_ASSIGNMENT((#233));
#235=OVER_RIDING_STYLED_ITEM('',(#234),#227,#54);
#236=CARTESIAN_POINT('',(2.85,-9.34670273,-2.75));
#237=DIRECTION('',(0.,1.,0.));
#238=DIRECTION('',(0.,-0.,1.));
#239=AXIS2_PLACEMENT_3D('',#236,#237,#238);
#240=CYLINDRICAL_SURFACE('',#239,0.25);
#241=ORIENTED_EDGE('',*,*,#68,.F.);
#242=ORIENTED_EDGE('',*,*,#117,.T.);
#243=ORIENTED_EDGE('',*,*,#203,.F.);
#244=ORIENTED_EDGE('',*,*,#222,.T.);
#245=EDGE_LOOP('',(#241,#242,#243,#244));
#246=FACE_BOUND('',#245,.T.);
#247=ADVANCED_FACE('NONE',(#246),#240,.T.);
#248=CLOSED_SHELL('',(#96,#136,#160,#184,#208,#227,#247));
#249=MANIFOLD_SOLID_BREP('Boss-Extrude2[1]',#248);
#250=COLOUR_RGB('',0.968627453,0.87843138,0.600000024);
#251=FILL_AREA_STYLE_COLOUR('',#250);
#252=FILL_AREA_STYLE('',(#251));
#253=SURFACE_STYLE_FILL_AREA(#252);
#254=SURFACE_SIDE_STYLE('',(#253));
#255=SURFACE_STYLE_USAGE(.BOTH.,#254);
#256=PRESENTATION_STYLE_ASSIGNMENT((#255));
#54=STYLED_ITEM('',(#256),#249);
#258=CARTESIAN_POINT('',(-2.75,0.,-2.85));
#259=DIRECTION('',(0.,-1.,0.));
#260=DIRECTION('',(0.,0.,-1.));
#261=AXIS2_PLACEMENT_3D('',#258,#259,#260);
#262=PLANE('',#261);
#263=CARTESIAN_POINT('',(-3.09,0.,-2.6));
#264=VERTEX_POINT('',#263);
#265=CARTESIAN_POINT('',(-3.09,0.,-3.1));
#266=VERTEX_POINT('',#265);
#267=CARTESIAN_POINT('',(-3.09,0.,-2.6));
#268=DIRECTION('',(0.,0.,-1.));
#269=VECTOR('',#268,0.5);
#270=LINE('',#267,#269);
#271=EDGE_CURVE('NONE',#264,#266,#270,.T.);
#272=ORIENTED_EDGE('',*,*,#271,.F.);
#273=CARTESIAN_POINT('',(-2.75,0.,-2.6));
#274=VERTEX_POINT('',#273);
#275=CARTESIAN_POINT('',(-2.75,0.,-2.6));
#276=DIRECTION('',(-1.,0.,-0.));
#277=VECTOR('',#276,0.34);
#278=LINE('',#275,#277);
#279=EDGE_CURVE('NONE',#274,#264,#278,.T.);
#280=ORIENTED_EDGE('',*,*,#279,.F.);
#281=CARTESIAN_POINT('',(-2.75,0.,-3.1));
#282=VERTEX_POINT('',#281);
#283=CARTESIAN_POINT('',(-2.75,0.,-2.85));
#284=DIRECTION('',(-0.,-1.,-0.));
#285=DIRECTION('',(0.,-0.,1.));
#286=AXIS2_PLACEMENT_3D('',#283,#284,#285);
#287=CIRCLE('',#286,0.25);
#288=EDGE_CURVE('NONE',#282,#274,#287,.T.);
#289=ORIENTED_EDGE('',*,*,#288,.F.);
#290=CARTESIAN_POINT('',(-3.09,0.,-3.1));
#291=DIRECTION('',(1.,0.,-0.));
#292=VECTOR('',#291,0.34);
#293=LINE('',#290,#292);
#294=EDGE_CURVE('NONE',#266,#282,#293,.T.);
#295=ORIENTED_EDGE('',*,*,#294,.F.);
#296=EDGE_LOOP('',(#272,#280,#289,#295));
#297=FACE_BOUND('',#296,.T.);
#298=ADVANCED_FACE('NONE',(#297),#262,.F.);
#299=CARTESIAN_POINT('',(-2.75,-9.34670273,-2.6));
#300=DIRECTION('',(0.,0.,-1.));
#301=DIRECTION('',(-1.,0.,-0.));
#302=AXIS2_PLACEMENT_3D('',#299,#300,#301);
#303=PLANE('',#302);
#304=CARTESIAN_POINT('',(-3.09,-0.02,-2.6));
#305=VERTEX_POINT('',#304);
#306=CARTESIAN_POINT('',(-3.09,-0.02,-2.6));
#307=DIRECTION('',(0.,1.,0.));
#308=VECTOR('',#307,0.02);
#309=LINE('',#306,#308);
#310=EDGE_CURVE('NONE',#305,#264,#309,.T.);
#311=ORIENTED_EDGE('',*,*,#310,.F.);
#312=CARTESIAN_POINT('',(-2.75,-0.02,-2.6));
#313=VERTEX_POINT('',#312);
#314=CARTESIAN_POINT('',(-3.09,-0.02,-2.6));
#315=DIRECTION('',(1.,-0.,0.));
#316=VECTOR('',#315,0.34);
#317=LINE('',#314,#316);
#318=EDGE_CURVE('NONE',#305,#313,#317,.T.);
#319=ORIENTED_EDGE('',*,*,#318,.T.);
#320=CARTESIAN_POINT('',(-2.75,-0.02,-2.6));
#321=DIRECTION('',(0.,1.,0.));
#322=VECTOR('',#321,0.02);
#323=LINE('',#320,#322);
#324=EDGE_CURVE('NONE',#313,#274,#323,.T.);
#325=ORIENTED_EDGE('',*,*,#324,.T.);
#326=ORIENTED_EDGE('',*,*,#279,.T.);
#327=EDGE_LOOP('',(#311,#319,#325,#326));
#328=FACE_BOUND('',#327,.T.);
#329=ADVANCED_FACE('NONE',(#328),#303,.F.);
#330=CARTESIAN_POINT('',(-2.75,-9.34670273,-2.85));
#331=DIRECTION('',(0.,1.,0.));
#332=DIRECTION('',(0.,-0.,1.));
#333=AXIS2_PLACEMENT_3D('',#330,#331,#332);
#334=CYLINDRICAL_SURFACE('',#333,0.25);
#335=ORIENTED_EDGE('',*,*,#324,.F.);
#336=CARTESIAN_POINT('',(-2.75,-0.02,-3.1));
#337=VERTEX_POINT('',#336);
#338=CARTESIAN_POINT('',(-2.75,-0.02,-2.85));
#339=DIRECTION('',(0.,1.,0.));
#340=DIRECTION('',(0.,-0.,1.));
#341=AXIS2_PLACEMENT_3D('',#338,#339,#340);
#342=CIRCLE('',#341,0.25);
#343=EDGE_CURVE('NONE',#313,#337,#342,.T.);
#344=ORIENTED_EDGE('',*,*,#343,.T.);
#345=CARTESIAN_POINT('',(-2.75,-0.02,-3.1));
#346=DIRECTION('',(0.,1.,0.));
#347=VECTOR('',#346,0.02);
#348=LINE('',#345,#347);
#349=EDGE_CURVE('NONE',#337,#282,#348,.T.);
#350=ORIENTED_EDGE('',*,*,#349,.T.);
#351=ORIENTED_EDGE('',*,*,#288,.T.);
#352=EDGE_LOOP('',(#335,#344,#350,#351));
#353=FACE_BOUND('',#352,.T.);
#354=ADVANCED_FACE('NONE',(#353),#334,.T.);
#355=CARTESIAN_POINT('',(-3.09,-9.34670273,-3.1));
#356=DIRECTION('',(0.,0.,1.));
#357=DIRECTION('',(1.,0.,-0.));
#358=AXIS2_PLACEMENT_3D('',#355,#356,#357);
#359=PLANE('',#358);
#360=ORIENTED_EDGE('',*,*,#349,.F.);
#361=CARTESIAN_POINT('',(-3.09,-0.02,-3.1));
#362=VERTEX_POINT('',#361);
#363=CARTESIAN_POINT('',(-2.75,-0.02,-3.1));
#364=DIRECTION('',(-1.,-0.,0.));
#365=VECTOR('',#364,0.34);
#366=LINE('',#363,#365);
#367=EDGE_CURVE('NONE',#337,#362,#366,.T.);
#368=ORIENTED_EDGE('',*,*,#367,.T.);
#369=CARTESIAN_POINT('',(-3.09,-0.02,-3.1));
#370=DIRECTION('',(0.,1.,0.));
#371=VECTOR('',#370,0.02);
#372=LINE('',#369,#371);
#373=EDGE_CURVE('NONE',#362,#266,#372,.T.);
#374=ORIENTED_EDGE('',*,*,#373,.T.);
#375=ORIENTED_EDGE('',*,*,#294,.T.);
#376=EDGE_LOOP('',(#360,#368,#374,#375));
#377=FACE_BOUND('',#376,.T.);
#378=ADVANCED_FACE('NONE',(#377),#359,.F.);
#379=CARTESIAN_POINT('',(-3.09,-9.34670273,-2.6));
#380=DIRECTION('',(1.,0.,0.));
#381=DIRECTION('',(0.,0.,-1.));
#382=AXIS2_PLACEMENT_3D('',#379,#380,#381);
#383=PLANE('',#382);
#384=ORIENTED_EDGE('',*,*,#373,.F.);
#385=CARTESIAN_POINT('',(-3.09,-0.02,-3.1));
#386=DIRECTION('',(-0.,-0.,1.));
#387=VECTOR('',#386,0.5);
#388=LINE('',#385,#387);
#389=EDGE_CURVE('NONE',#362,#305,#388,.T.);
#390=ORIENTED_EDGE('',*,*,#389,.T.);
#391=ORIENTED_EDGE('',*,*,#310,.T.);
#392=ORIENTED_EDGE('',*,*,#271,.T.);
#393=EDGE_LOOP('',(#384,#390,#391,#392));
#394=FACE_BOUND('',#393,.T.);
#395=ADVANCED_FACE('NONE',(#394),#383,.F.);
#396=CARTESIAN_POINT('',(0.,-0.02,0.));
#397=DIRECTION('',(0.,1.,0.));
#398=DIRECTION('',(0.,0.,1.));
#399=AXIS2_PLACEMENT_3D('',#396,#397,#398);
#400=PLANE('',#399);
#401=ORIENTED_EDGE('',*,*,#367,.F.);
#402=ORIENTED_EDGE('',*,*,#343,.F.);
#403=ORIENTED_EDGE('',*,*,#318,.F.);
#404=ORIENTED_EDGE('',*,*,#389,.F.);
#405=EDGE_LOOP('',(#401,#402,#403,#404));
#406=FACE_BOUND('',#405,.T.);
#407=ADVANCED_FACE('NONE',(#406),#400,.F.);
#408=OVER_RIDING_STYLED_ITEM('',(#234),#407,#257);
#409=CLOSED_SHELL('',(#298,#329,#354,#378,#395,#407));
#410=MANIFOLD_SOLID_BREP('Boss-Extrude2[2]',#409);
#257=STYLED_ITEM('',(#256),#410);
#412=CARTESIAN_POINT('',(-2.85,0.,2.75));
#413=DIRECTION('',(0.,-1.,0.));
#414=DIRECTION('',(0.,0.,-1.));
#415=AXIS2_PLACEMENT_3D('',#412,#413,#414);
#416=PLANE('',#415);
#417=CARTESIAN_POINT('',(-2.6,0.,3.09));
#418=VERTEX_POINT('',#417);
#419=CARTESIAN_POINT('',(-3.1,0.,3.09));
#420=VERTEX_POINT('',#419);
#421=CARTESIAN_POINT('',(-2.6,0.,3.09));
#422=DIRECTION('',(-1.,0.,0.));
#423=VECTOR('',#422,0.5);
#424=LINE('',#421,#423);
#425=EDGE_CURVE('NONE',#418,#420,#424,.T.);
#426=ORIENTED_EDGE('',*,*,#425,.F.);
#427=CARTESIAN_POINT('',(-2.6,0.,2.75));
#428=VERTEX_POINT('',#427);
#429=CARTESIAN_POINT('',(-2.6,0.,2.75));
#430=DIRECTION('',(-0.,0.,1.));
#431=VECTOR('',#430,0.34);
#432=LINE('',#429,#431);
#433=EDGE_CURVE('NONE',#428,#418,#432,.T.);
#434=ORIENTED_EDGE('',*,*,#433,.F.);
#435=CARTESIAN_POINT('',(-3.1,0.,2.75));
#436=VERTEX_POINT('',#435);
#437=CARTESIAN_POINT('',(-2.85,0.,2.75));
#438=DIRECTION('',(-0.,-1.,-0.));
#439=DIRECTION('',(0.,-0.,1.));
#440=AXIS2_PLACEMENT_3D('',#437,#438,#439);
#441=CIRCLE('',#440,0.25);
#442=EDGE_CURVE('NONE',#436,#428,#441,.T.);
#443=ORIENTED_EDGE('',*,*,#442,.F.);
#444=CARTESIAN_POINT('',(-3.1,0.,3.09));
#445=DIRECTION('',(-0.,0.,-1.));
#446=VECTOR('',#445,0.34);
#447=LINE('',#444,#446);
#448=EDGE_CURVE('NONE',#420,#436,#447,.T.);
#449=ORIENTED_EDGE('',*,*,#448,.F.);
#450=EDGE_LOOP('',(#426,#434,#443,#449));
#451=FACE_BOUND('',#450,.T.);
#452=ADVANCED_FACE('NONE',(#451),#416,.F.);
#453=CARTESIAN_POINT('',(-2.6,-9.34670273,2.75));
#454=DIRECTION('',(-1.,0.,-0.));
#455=DIRECTION('',(-0.,0.,1.));
#456=AXIS2_PLACEMENT_3D('',#453,#454,#455);
#457=PLANE('',#456);
#458=CARTESIAN_POINT('',(-2.6,-0.02,3.09));
#459=VERTEX_POINT('',#458);
#460=CARTESIAN_POINT('',(-2.6,-0.02,3.09));
#461=DIRECTION('',(0.,1.,0.));
#462=VECTOR('',#461,0.02);
#463=LINE('',#460,#462);
#464=EDGE_CURVE('NONE',#459,#418,#463,.T.);
#465=ORIENTED_EDGE('',*,*,#464,.F.);
#466=CARTESIAN_POINT('',(-2.6,-0.02,2.75));
#467=VERTEX_POINT('',#466);
#468=CARTESIAN_POINT('',(-2.6,-0.02,3.09));
#469=DIRECTION('',(0.,-0.,-1.));
#470=VECTOR('',#469,0.34);
#471=LINE('',#468,#470);
#472=EDGE_CURVE('NONE',#459,#467,#471,.T.);
#473=ORIENTED_EDGE('',*,*,#472,.T.);
#474=CARTESIAN_POINT('',(-2.6,-0.02,2.75));
#475=DIRECTION('',(0.,1.,0.));
#476=VECTOR('',#475,0.02);
#477=LINE('',#474,#476);
#478=EDGE_CURVE('NONE',#467,#428,#477,.T.);
#479=ORIENTED_EDGE('',*,*,#478,.T.);
#480=ORIENTED_EDGE('',*,*,#433,.T.);
#481=EDGE_LOOP('',(#465,#473,#479,#480));
#482=FACE_BOUND('',#481,.T.);
#483=ADVANCED_FACE('NONE',(#482),#457,.F.);
#484=CARTESIAN_POINT('',(-2.85,-9.34670273,2.75));
#485=DIRECTION('',(0.,1.,0.));
#486=DIRECTION('',(0.,-0.,1.));
#487=AXIS2_PLACEMENT_3D('',#484,#485,#486);
#488=CYLINDRICAL_SURFACE('',#487,0.25);
#489=ORIENTED_EDGE('',*,*,#478,.F.);
#490=CARTESIAN_POINT('',(-3.1,-0.02,2.75));
#491=VERTEX_POINT('',#490);
#492=CARTESIAN_POINT('',(-2.85,-0.02,2.75));
#493=DIRECTION('',(0.,1.,0.));
#494=DIRECTION('',(0.,-0.,1.));
#495=AXIS2_PLACEMENT_3D('',#492,#493,#494);
#496=CIRCLE('',#495,0.25);
#497=EDGE_CURVE('NONE',#467,#491,#496,.T.);
#498=ORIENTED_EDGE('',*,*,#497,.T.);
#499=CARTESIAN_POINT('',(-3.1,-0.02,2.75));
#500=DIRECTION('',(0.,1.,0.));
#501=VECTOR('',#500,0.02);
#502=LINE('',#499,#501);
#503=EDGE_CURVE('NONE',#491,#436,#502,.T.);
#504=ORIENTED_EDGE('',*,*,#503,.T.);
#505=ORIENTED_EDGE('',*,*,#442,.T.);
#506=EDGE_LOOP('',(#489,#498,#504,#505));
#507=FACE_BOUND('',#506,.T.);
#508=ADVANCED_FACE('NONE',(#507),#488,.T.);
#509=CARTESIAN_POINT('',(-3.1,-9.34670273,3.09));
#510=DIRECTION('',(1.,0.,-0.));
#511=DIRECTION('',(-0.,0.,-1.));
#512=AXIS2_PLACEMENT_3D('',#509,#510,#511);
#513=PLANE('',#512);
#514=ORIENTED_EDGE('',*,*,#503,.F.);
#515=CARTESIAN_POINT('',(-3.1,-0.02,3.09));
#516=VERTEX_POINT('',#515);
#517=CARTESIAN_POINT('',(-3.1,-0.02,2.75));
#518=DIRECTION('',(0.,-0.,1.));
#519=VECTOR('',#518,0.34);
#520=LINE('',#517,#519);
#521=EDGE_CURVE('NONE',#491,#516,#520,.T.);
#522=ORIENTED_EDGE('',*,*,#521,.T.);
#523=CARTESIAN_POINT('',(-3.1,-0.02,3.09));
#524=DIRECTION('',(0.,1.,0.));
#525=VECTOR('',#524,0.02);
#526=LINE('',#523,#525);
#527=EDGE_CURVE('NONE',#516,#420,#526,.T.);
#528=ORIENTED_EDGE('',*,*,#527,.T.);
#529=ORIENTED_EDGE('',*,*,#448,.T.);
#530=EDGE_LOOP('',(#514,#522,#528,#529));
#531=FACE_BOUND('',#530,.T.);
#532=ADVANCED_FACE('NONE',(#531),#513,.F.);
#533=CARTESIAN_POINT('',(-2.6,-9.34670273,3.09));
#534=DIRECTION('',(0.,0.,-1.));
#535=DIRECTION('',(-1.,0.,0.));
#536=AXIS2_PLACEMENT_3D('',#533,#534,#535);
#537=PLANE('',#536);
#538=ORIENTED_EDGE('',*,*,#527,.F.);
#539=CARTESIAN_POINT('',(-3.1,-0.02,3.09));
#540=DIRECTION('',(1.,-0.,-0.));
#541=VECTOR('',#540,0.5);
#542=LINE('',#539,#541);
#543=EDGE_CURVE('NONE',#516,#459,#542,.T.);
#544=ORIENTED_EDGE('',*,*,#543,.T.);
#545=ORIENTED_EDGE('',*,*,#464,.T.);
#546=ORIENTED_EDGE('',*,*,#425,.T.);
#547=EDGE_LOOP('',(#538,#544,#545,#546));
#548=FACE_BOUND('',#547,.T.);
#549=ADVANCED_FACE('NONE',(#548),#537,.F.);
#550=CARTESIAN_POINT('',(0.,-0.02,0.));
#551=DIRECTION('',(0.,1.,0.));
#552=DIRECTION('',(0.,0.,1.));
#553=AXIS2_PLACEMENT_3D('',#550,#551,#552);
#554=PLANE('',#553);
#555=ORIENTED_EDGE('',*,*,#521,.F.);
#556=ORIENTED_EDGE('',*,*,#497,.F.);
#557=ORIENTED_EDGE('',*,*,#472,.F.);
#558=ORIENTED_EDGE('',*,*,#543,.F.);
#559=EDGE_LOOP('',(#555,#556,#557,#558));
#560=FACE_BOUND('',#559,.T.);
#561=ADVANCED_FACE('NONE',(#560),#554,.F.);
#562=OVER_RIDING_STYLED_ITEM('',(#234),#561,#411);
#563=CLOSED_SHELL('',(#452,#483,#508,#532,#549,#561));
#564=MANIFOLD_SOLID_BREP('Boss-Extrude2[3]',#563);
#411=STYLED_ITEM('',(#256),#564);
#566=CARTESIAN_POINT('',(2.75,0.,2.85));
#567=DIRECTION('',(0.,-1.,0.));
#568=DIRECTION('',(0.,0.,-1.));
#569=AXIS2_PLACEMENT_3D('',#566,#567,#568);
#570=PLANE('',#569);
#571=CARTESIAN_POINT('',(3.09,0.,2.6));
#572=VERTEX_POINT('',#571);
#573=CARTESIAN_POINT('',(3.09,0.,3.1));
#574=VERTEX_POINT('',#573);
#575=CARTESIAN_POINT('',(3.09,0.,2.6));
#576=DIRECTION('',(0.,0.,1.));
#577=VECTOR('',#576,0.5);
#578=LINE('',#575,#577);
#579=EDGE_CURVE('NONE',#572,#574,#578,.T.);
#580=ORIENTED_EDGE('',*,*,#579,.F.);
#581=CARTESIAN_POINT('',(2.75,0.,2.6));
#582=VERTEX_POINT('',#581);
#583=CARTESIAN_POINT('',(2.75,0.,2.6));
#584=DIRECTION('',(1.,0.,0.));
#585=VECTOR('',#584,0.34);
#586=LINE('',#583,#585);
#587=EDGE_CURVE('NONE',#582,#572,#586,.T.);
#588=ORIENTED_EDGE('',*,*,#587,.F.);
#589=CARTESIAN_POINT('',(2.75,0.,3.1));
#590=VERTEX_POINT('',#589);
#591=CARTESIAN_POINT('',(2.75,0.,2.85));
#592=DIRECTION('',(-0.,-1.,-0.));
#593=DIRECTION('',(0.,-0.,1.));
#594=AXIS2_PLACEMENT_3D('',#591,#592,#593);
#595=CIRCLE('',#594,0.25);
#596=EDGE_CURVE('NONE',#590,#582,#595,.T.);
#597=ORIENTED_EDGE('',*,*,#596,.F.);
#598=CARTESIAN_POINT('',(3.09,0.,3.1));
#599=DIRECTION('',(-1.,0.,0.));
#600=VECTOR('',#599,0.34);
#601=LINE('',#598,#600);
#602=EDGE_CURVE('NONE',#574,#590,#601,.T.);
#603=ORIENTED_EDGE('',*,*,#602,.F.);
#604=EDGE_LOOP('',(#580,#588,#597,#603));
#605=FACE_BOUND('',#604,.T.);
#606=ADVANCED_FACE('NONE',(#605),#570,.F.);
#607=CARTESIAN_POINT('',(2.75,-9.34670273,2.6));
#608=DIRECTION('',(-0.,0.,1.));
#609=DIRECTION('',(1.,0.,0.));
#610=AXIS2_PLACEMENT_3D('',#607,#608,#609);
#611=PLANE('',#610);
#612=CARTESIAN_POINT('',(3.09,-0.02,2.6));
#613=VERTEX_POINT('',#612);
#614=CARTESIAN_POINT('',(3.09,-0.02,2.6));
#615=DIRECTION('',(0.,1.,0.));
#616=VECTOR('',#615,0.02);
#617=LINE('',#614,#616);
#618=EDGE_CURVE('NONE',#613,#572,#617,.T.);
#619=ORIENTED_EDGE('',*,*,#618,.F.);
#620=CARTESIAN_POINT('',(2.75,-0.02,2.6));
#621=VERTEX_POINT('',#620);
#622=CARTESIAN_POINT('',(3.09,-0.02,2.6));
#623=DIRECTION('',(-1.,-0.,-0.));
#624=VECTOR('',#623,0.34);
#625=LINE('',#622,#624);
#626=EDGE_CURVE('NONE',#613,#621,#625,.T.);
#627=ORIENTED_EDGE('',*,*,#626,.T.);
#628=CARTESIAN_POINT('',(2.75,-0.02,2.6));
#629=DIRECTION('',(0.,1.,0.));
#630=VECTOR('',#629,0.02);
#631=LINE('',#628,#630);
#632=EDGE_CURVE('NONE',#621,#582,#631,.T.);
#633=ORIENTED_EDGE('',*,*,#632,.T.);
#634=ORIENTED_EDGE('',*,*,#587,.T.);
#635=EDGE_LOOP('',(#619,#627,#633,#634));
#636=FACE_BOUND('',#635,.T.);
#637=ADVANCED_FACE('NONE',(#636),#611,.F.);
#638=CARTESIAN_POINT('',(2.75,-9.34670273,2.85));
#639=DIRECTION('',(0.,1.,0.));
#640=DIRECTION('',(0.,-0.,1.));
#641=AXIS2_PLACEMENT_3D('',#638,#639,#640);
#642=CYLINDRICAL_SURFACE('',#641,0.25);
#643=ORIENTED_EDGE('',*,*,#632,.F.);
#644=CARTESIAN_POINT('',(2.75,-0.02,3.1));
#645=VERTEX_POINT('',#644);
#646=CARTESIAN_POINT('',(2.75,-0.02,2.85));
#647=DIRECTION('',(0.,1.,0.));
#648=DIRECTION('',(0.,-0.,1.));
#649=AXIS2_PLACEMENT_3D('',#646,#647,#648);
#650=CIRCLE('',#649,0.25);
#651=EDGE_CURVE('NONE',#621,#645,#650,.T.);
#652=ORIENTED_EDGE('',*,*,#651,.T.);
#653=CARTESIAN_POINT('',(2.75,-0.02,3.1));
#654=DIRECTION('',(0.,1.,0.));
#655=VECTOR('',#654,0.02);
#656=LINE('',#653,#655);
#657=EDGE_CURVE('NONE',#645,#590,#656,.T.);
#658=ORIENTED_EDGE('',*,*,#657,.T.);
#659=ORIENTED_EDGE('',*,*,#596,.T.);
#660=EDGE_LOOP('',(#643,#652,#658,#659));
#661=FACE_BOUND('',#660,.T.);
#662=ADVANCED_FACE('NONE',(#661),#642,.T.);
#663=CARTESIAN_POINT('',(3.09,-9.34670273,3.1));
#664=DIRECTION('',(-0.,0.,-1.));
#665=DIRECTION('',(-1.,0.,0.));
#666=AXIS2_PLACEMENT_3D('',#663,#664,#665);
#667=PLANE('',#666);
#668=ORIENTED_EDGE('',*,*,#657,.F.);
#669=CARTESIAN_POINT('',(3.09,-0.02,3.1));
#670=VERTEX_POINT('',#669);
#671=CARTESIAN_POINT('',(2.75,-0.02,3.1));
#672=DIRECTION('',(1.,-0.,-0.));
#673=VECTOR('',#672,0.34);
#674=LINE('',#671,#673);
#675=EDGE_CURVE('NONE',#645,#670,#674,.T.);
#676=ORIENTED_EDGE('',*,*,#675,.T.);
#677=CARTESIAN_POINT('',(3.09,-0.02,3.1));
#678=DIRECTION('',(0.,1.,0.));
#679=VECTOR('',#678,0.02);
#680=LINE('',#677,#679);
#681=EDGE_CURVE('NONE',#670,#574,#680,.T.);
#682=ORIENTED_EDGE('',*,*,#681,.T.);
#683=ORIENTED_EDGE('',*,*,#602,.T.);
#684=EDGE_LOOP('',(#668,#676,#682,#683));
#685=FACE_BOUND('',#684,.T.);
#686=ADVANCED_FACE('NONE',(#685),#667,.F.);
#687=CARTESIAN_POINT('',(3.09,-9.34670273,2.6));
#688=DIRECTION('',(-1.,0.,0.));
#689=DIRECTION('',(0.,0.,1.));
#690=AXIS2_PLACEMENT_3D('',#687,#688,#689);
#691=PLANE('',#690);
#692=ORIENTED_EDGE('',*,*,#681,.F.);
#693=CARTESIAN_POINT('',(3.09,-0.02,3.1));
#694=DIRECTION('',(-0.,-0.,-1.));
#695=VECTOR('',#694,0.5);
#696=LINE('',#693,#695);
#697=EDGE_CURVE('NONE',#670,#613,#696,.T.);
#698=ORIENTED_EDGE('',*,*,#697,.T.);
#699=ORIENTED_EDGE('',*,*,#618,.T.);
#700=ORIENTED_EDGE('',*,*,#579,.T.);
#701=EDGE_LOOP('',(#692,#698,#699,#700));
#702=FACE_BOUND('',#701,.T.);
#703=ADVANCED_FACE('NONE',(#702),#691,.F.);
#704=CARTESIAN_POINT('',(0.,-0.02,0.));
#705=DIRECTION('',(0.,1.,0.));
#706=DIRECTION('',(0.,0.,1.));
#707=AXIS2_PLACEMENT_3D('',#704,#705,#706);
#708=PLANE('',#707);
#709=ORIENTED_EDGE('',*,*,#675,.F.);
#710=ORIENTED_EDGE('',*,*,#651,.F.);
#711=ORIENTED_EDGE('',*,*,#626,.F.);
#712=ORIENTED_EDGE('',*,*,#697,.F.);
#713=EDGE_LOOP('',(#709,#710,#711,#712));
#714=FACE_BOUND('',#713,.T.);
#715=ADVANCED_FACE('NONE',(#714),#708,.F.);
#716=OVER_RIDING_STYLED_ITEM('',(#234),#715,#565);
#717=CLOSED_SHELL('',(#606,#637,#662,#686,#703,#715));
#718=MANIFOLD_SOLID_BREP('Boss-Extrude2[4]',#717);
#565=STYLED_ITEM('',(#256),#718);
#720=CARTESIAN_POINT('',(1.3,0.,2.95));
#721=DIRECTION('',(0.,1.,0.));
#722=DIRECTION('',(0.,0.,1.));
#723=AXIS2_PLACEMENT_3D('',#720,#721,#722);
#724=PLANE('',#723);
#725=CARTESIAN_POINT('',(1.4,0.,2.95));
#726=VERTEX_POINT('',#725);
#727=CARTESIAN_POINT('',(1.3,0.,3.05));
#728=VERTEX_POINT('',#727);
#729=CARTESIAN_POINT('',(1.3,0.,2.95));
#730=DIRECTION('',(-0.,-1.,-0.));
#731=DIRECTION('',(0.,-0.,1.));
#732=AXIS2_PLACEMENT_3D('',#729,#730,#731);
#733=CIRCLE('',#732,0.1);
#734=EDGE_CURVE('NONE',#726,#728,#733,.T.);
#735=ORIENTED_EDGE('',*,*,#734,.F.);
#736=CARTESIAN_POINT('',(1.4,0.,1.4));
#737=VERTEX_POINT('',#736);
#738=CARTESIAN_POINT('',(1.4,0.,1.4));
#739=DIRECTION('',(-0.,0.,1.));
#740=VECTOR('',#739,1.55);
#741=LINE('',#738,#740);
#742=EDGE_CURVE('NONE',#737,#726,#741,.T.);
#743=ORIENTED_EDGE('',*,*,#742,.F.);
#744=CARTESIAN_POINT('',(2.95,0.,1.4));
#745=VERTEX_POINT('',#744);
#746=CARTESIAN_POINT('',(2.95,0.,1.4));
#747=DIRECTION('',(-1.,0.,-0.));
#748=VECTOR('',#747,1.55);
#749=LINE('',#746,#748);
#750=EDGE_CURVE('NONE',#745,#737,#749,.T.);
#751=ORIENTED_EDGE('',*,*,#750,.F.);
#752=CARTESIAN_POINT('',(3.05,0.,1.3));
#753=VERTEX_POINT('',#752);
#754=CARTESIAN_POINT('',(2.95,0.,1.3));
#755=DIRECTION('',(-0.,-1.,-0.));
#756=DIRECTION('',(0.,-0.,1.));
#757=AXIS2_PLACEMENT_3D('',#754,#755,#756);
#758=CIRCLE('',#757,0.1);
#759=EDGE_CURVE('NONE',#753,#745,#758,.T.);
#760=ORIENTED_EDGE('',*,*,#759,.F.);
#761=CARTESIAN_POINT('',(3.05,0.,-1.3));
#762=VERTEX_POINT('',#761);
#763=CARTESIAN_POINT('',(3.05,0.,-1.3));
#764=DIRECTION('',(0.,0.,1.));
#765=VECTOR('',#764,2.6);
#766=LINE('',#763,#765);
#767=EDGE_CURVE('NONE',#762,#753,#766,.T.);
#768=ORIENTED_EDGE('',*,*,#767,.F.);
#769=CARTESIAN_POINT('',(2.95,0.,-1.4));
#770=VERTEX_POINT('',#769);
#771=CARTESIAN_POINT('',(2.95,0.,-1.3));
#772=DIRECTION('',(-0.,-1.,-0.));
#773=DIRECTION('',(0.,-0.,1.));
#774=AXIS2_PLACEMENT_3D('',#771,#772,#773);
#775=CIRCLE('',#774,0.1);
#776=EDGE_CURVE('NONE',#770,#762,#775,.T.);
#777=ORIENTED_EDGE('',*,*,#776,.F.);
#778=CARTESIAN_POINT('',(1.4,0.,-1.4));
#779=VERTEX_POINT('',#778);
#780=CARTESIAN_POINT('',(1.4,0.,-1.4));
#781=DIRECTION('',(1.,0.,-0.));
#782=VECTOR('',#781,1.55);
#783=LINE('',#780,#782);
#784=EDGE_CURVE('NONE',#779,#770,#783,.T.);
#785=ORIENTED_EDGE('',*,*,#784,.F.);
#786=CARTESIAN_POINT('',(1.4,0.,-2.95));
#787=VERTEX_POINT('',#786);
#788=CARTESIAN_POINT('',(1.4,0.,-2.95));
#789=DIRECTION('',(0.,0.,1.));
#790=VECTOR('',#789,1.55);
#791=LINE('',#788,#790);
#792=EDGE_CURVE('NONE',#787,#779,#791,.T.);
#793=ORIENTED_EDGE('',*,*,#792,.F.);
#794=CARTESIAN_POINT('',(1.3,0.,-3.05));
#795=VERTEX_POINT('',#794);
#796=CARTESIAN_POINT('',(1.3,0.,-2.95));
#797=DIRECTION('',(-0.,-1.,-0.));
#798=DIRECTION('',(0.,-0.,1.));
#799=AXIS2_PLACEMENT_3D('',#796,#797,#798);
#800=CIRCLE('',#799,0.1);
#801=EDGE_CURVE('NONE',#795,#787,#800,.T.);
#802=ORIENTED_EDGE('',*,*,#801,.F.);
#803=CARTESIAN_POINT('',(-1.3,0.,-3.05));
#804=VERTEX_POINT('',#803);
#805=CARTESIAN_POINT('',(-1.3,0.,-3.05));
#806=DIRECTION('',(1.,0.,-0.));
#807=VECTOR('',#806,2.6);
#808=LINE('',#805,#807);
#809=EDGE_CURVE('NONE',#804,#795,#808,.T.);
#810=ORIENTED_EDGE('',*,*,#809,.F.);
#811=CARTESIAN_POINT('',(-1.4,0.,-2.95));
#812=VERTEX_POINT('',#811);
#813=CARTESIAN_POINT('',(-1.3,0.,-2.95));
#814=DIRECTION('',(-0.,-1.,-0.));
#815=DIRECTION('',(0.,-0.,1.));
#816=AXIS2_PLACEMENT_3D('',#813,#814,#815);
#817=CIRCLE('',#816,0.1);
#818=EDGE_CURVE('NONE',#812,#804,#817,.T.);
#819=ORIENTED_EDGE('',*,*,#818,.F.);
#820=CARTESIAN_POINT('',(-1.4,0.,-1.4));
#821=VERTEX_POINT('',#820);
#822=CARTESIAN_POINT('',(-1.4,0.,-1.4));
#823=DIRECTION('',(0.,0.,-1.));
#824=VECTOR('',#823,1.55);
#825=LINE('',#822,#824);
#826=EDGE_CURVE('NONE',#821,#812,#825,.T.);
#827=ORIENTED_EDGE('',*,*,#826,.F.);
#828=CARTESIAN_POINT('',(-2.95,0.,-1.4));
#829=VERTEX_POINT('',#828);
#830=CARTESIAN_POINT('',(-2.95,0.,-1.4));
#831=DIRECTION('',(1.,0.,0.));
#832=VECTOR('',#831,1.55);
#833=LINE('',#830,#832);
#834=EDGE_CURVE('NONE',#829,#821,#833,.T.);
#835=ORIENTED_EDGE('',*,*,#834,.F.);
#836=CARTESIAN_POINT('',(-3.05,0.,-1.3));
#837=VERTEX_POINT('',#836);
#838=CARTESIAN_POINT('',(-2.95,0.,-1.3));
#839=DIRECTION('',(-0.,-1.,-0.));
#840=DIRECTION('',(0.,-0.,1.));
#841=AXIS2_PLACEMENT_3D('',#838,#839,#840);
#842=CIRCLE('',#841,0.1);
#843=EDGE_CURVE('NONE',#837,#829,#842,.T.);
#844=ORIENTED_EDGE('',*,*,#843,.F.);
#845=CARTESIAN_POINT('',(-3.05,0.,1.3));
#846=VERTEX_POINT('',#845);
#847=CARTESIAN_POINT('',(-3.05,0.,1.3));
#848=DIRECTION('',(0.,0.,-1.));
#849=VECTOR('',#848,2.6);
#850=LINE('',#847,#849);
#851=EDGE_CURVE('NONE',#846,#837,#850,.T.);
#852=ORIENTED_EDGE('',*,*,#851,.F.);
#853=CARTESIAN_POINT('',(-2.95,0.,1.4));
#854=VERTEX_POINT('',#853);
#855=CARTESIAN_POINT('',(-2.95,0.,1.3));
#856=DIRECTION('',(-0.,-1.,-0.));
#857=DIRECTION('',(0.,-0.,1.));
#858=AXIS2_PLACEMENT_3D('',#855,#856,#857);
#859=CIRCLE('',#858,0.1);
#860=EDGE_CURVE('NONE',#854,#846,#859,.T.);
#861=ORIENTED_EDGE('',*,*,#860,.F.);
#862=CARTESIAN_POINT('',(-1.4,0.,1.4));
#863=VERTEX_POINT('',#862);
#864=CARTESIAN_POINT('',(-1.4,0.,1.4));
#865=DIRECTION('',(-1.,0.,0.));
#866=VECTOR('',#865,1.55);
#867=LINE('',#864,#866);
#868=EDGE_CURVE('NONE',#863,#854,#867,.T.);
#869=ORIENTED_EDGE('',*,*,#868,.F.);
#870=CARTESIAN_POINT('',(-1.4,0.,2.95));
#871=VERTEX_POINT('',#870);
#872=CARTESIAN_POINT('',(-1.4,0.,2.95));
#873=DIRECTION('',(-0.,0.,-1.));
#874=VECTOR('',#873,1.55);
#875=LINE('',#872,#874);
#876=EDGE_CURVE('NONE',#871,#863,#875,.T.);
#877=ORIENTED_EDGE('',*,*,#876,.F.);
#878=CARTESIAN_POINT('',(-1.3,0.,3.05));
#879=VERTEX_POINT('',#878);
#880=CARTESIAN_POINT('',(-1.3,0.,2.95));
#881=DIRECTION('',(-0.,-1.,-0.));
#882=DIRECTION('',(0.,-0.,1.));
#883=AXIS2_PLACEMENT_3D('',#880,#881,#882);
#884=CIRCLE('',#883,0.1);
#885=EDGE_CURVE('NONE',#879,#871,#884,.T.);
#886=ORIENTED_EDGE('',*,*,#885,.F.);
#887=CARTESIAN_POINT('',(1.3,0.,3.05));
#888=DIRECTION('',(-1.,0.,0.));
#889=VECTOR('',#888,2.6);
#890=LINE('',#887,#889);
#891=EDGE_CURVE('NONE',#728,#879,#890,.T.);
#892=ORIENTED_EDGE('',*,*,#891,.F.);
#893=EDGE_LOOP('',(#735,#743,#751,#760,#768,#777,#785,#793,#802,#810,#819,#827,#835,#844,#852,#861,#869,#877,#886,#892));
#894=FACE_BOUND('',#893,.T.);
#895=ADVANCED_FACE('NONE',(#894),#724,.T.);
#896=CARTESIAN_POINT('',(1.4,-9.34670273,2.95));
#897=DIRECTION('',(-1.,0.,-0.));
#898=DIRECTION('',(-0.,0.,1.));
#899=AXIS2_PLACEMENT_3D('',#896,#897,#898);
#900=PLANE('',#899);
#901=CARTESIAN_POINT('',(1.4,-0.02,2.95));
#902=VERTEX_POINT('',#901);
#903=CARTESIAN_POINT('',(1.4,-0.02,2.95));
#904=DIRECTION('',(0.,1.,0.));
#905=VECTOR('',#904,0.02);
#906=LINE('',#903,#905);
#907=EDGE_CURVE('NONE',#902,#726,#906,.T.);
#908=ORIENTED_EDGE('',*,*,#907,.F.);
#909=CARTESIAN_POINT('',(1.4,-0.02,1.4));
#910=VERTEX_POINT('',#909);
#911=CARTESIAN_POINT('',(1.4,-0.02,2.95));
#912=DIRECTION('',(0.,-0.,-1.));
#913=VECTOR('',#912,1.55);
#914=LINE('',#911,#913);
#915=EDGE_CURVE('NONE',#902,#910,#914,.T.);
#916=ORIENTED_EDGE('',*,*,#915,.T.);
#917=CARTESIAN_POINT('',(1.4,-0.02,1.4));
#918=DIRECTION('',(0.,1.,0.));
#919=VECTOR('',#918,0.02);
#920=LINE('',#917,#919);
#921=EDGE_CURVE('NONE',#910,#737,#920,.T.);
#922=ORIENTED_EDGE('',*,*,#921,.T.);
#923=ORIENTED_EDGE('',*,*,#742,.T.);
#924=EDGE_LOOP('',(#908,#916,#922,#923));
#925=FACE_BOUND('',#924,.T.);
#926=ADVANCED_FACE('NONE',(#925),#900,.F.);
#927=CARTESIAN_POINT('',(1.4,-9.34670273,1.4));
#928=DIRECTION('',(0.,0.,-1.));
#929=DIRECTION('',(-1.,0.,-0.));
#930=AXIS2_PLACEMENT_3D('',#927,#928,#929);
#931=PLANE('',#930);
#932=ORIENTED_EDGE('',*,*,#921,.F.);
#933=CARTESIAN_POINT('',(2.95,-0.02,1.4));
#934=VERTEX_POINT('',#933);
#935=CARTESIAN_POINT('',(1.4,-0.02,1.4));
#936=DIRECTION('',(1.,-0.,0.));
#937=VECTOR('',#936,1.55);
#938=LINE('',#935,#937);
#939=EDGE_CURVE('NONE',#910,#934,#938,.T.);
#940=ORIENTED_EDGE('',*,*,#939,.T.);
#941=CARTESIAN_POINT('',(2.95,-0.02,1.4));
#942=DIRECTION('',(0.,1.,0.));
#943=VECTOR('',#942,0.02);
#944=LINE('',#941,#943);
#945=EDGE_CURVE('NONE',#934,#745,#944,.T.);
#946=ORIENTED_EDGE('',*,*,#945,.T.);
#947=ORIENTED_EDGE('',*,*,#750,.T.);
#948=EDGE_LOOP('',(#932,#940,#946,#947));
#949=FACE_BOUND('',#948,.T.);
#950=ADVANCED_FACE('NONE',(#949),#931,.F.);
#951=CARTESIAN_POINT('',(2.95,-9.34670273,1.3));
#952=DIRECTION('',(0.,1.,0.));
#953=DIRECTION('',(0.,-0.,1.));
#954=AXIS2_PLACEMENT_3D('',#951,#952,#953);
#955=CYLINDRICAL_SURFACE('',#954,0.1);
#956=ORIENTED_EDGE('',*,*,#945,.F.);
#957=CARTESIAN_POINT('',(3.05,-0.02,1.3));
#958=VERTEX_POINT('',#957);
#959=CARTESIAN_POINT('',(2.95,-0.02,1.3));
#960=DIRECTION('',(0.,1.,0.));
#961=DIRECTION('',(0.,-0.,1.));
#962=AXIS2_PLACEMENT_3D('',#959,#960,#961);
#963=CIRCLE('',#962,0.1);
#964=EDGE_CURVE('NONE',#934,#958,#963,.T.);
#965=ORIENTED_EDGE('',*,*,#964,.T.);
#966=CARTESIAN_POINT('',(3.05,-0.02,1.3));
#967=DIRECTION('',(0.,1.,0.));
#968=VECTOR('',#967,0.02);
#969=LINE('',#966,#968);
#970=EDGE_CURVE('NONE',#958,#753,#969,.T.);
#971=ORIENTED_EDGE('',*,*,#970,.T.);
#972=ORIENTED_EDGE('',*,*,#759,.T.);
#973=EDGE_LOOP('',(#956,#965,#971,#972));
#974=FACE_BOUND('',#973,.T.);
#975=ADVANCED_FACE('NONE',(#974),#955,.T.);
#976=CARTESIAN_POINT('',(3.05,-9.34670273,1.3));
#977=DIRECTION('',(-1.,0.,0.));
#978=DIRECTION('',(0.,0.,1.));
#979=AXIS2_PLACEMENT_3D('',#976,#977,#978);
#980=PLANE('',#979);
#981=ORIENTED_EDGE('',*,*,#970,.F.);
#982=CARTESIAN_POINT('',(3.05,-0.02,-1.3));
#983=VERTEX_POINT('',#982);
#984=CARTESIAN_POINT('',(3.05,-0.02,1.3));
#985=DIRECTION('',(-0.,-0.,-1.));
#986=VECTOR('',#985,2.6);
#987=LINE('',#984,#986);
#988=EDGE_CURVE('NONE',#958,#983,#987,.T.);
#989=ORIENTED_EDGE('',*,*,#988,.T.);
#990=CARTESIAN_POINT('',(3.05,-0.02,-1.3));
#991=DIRECTION('',(0.,1.,0.));
#992=VECTOR('',#991,0.02);
#993=LINE('',#990,#992);
#994=EDGE_CURVE('NONE',#983,#762,#993,.T.);
#995=ORIENTED_EDGE('',*,*,#994,.T.);
#996=ORIENTED_EDGE('',*,*,#767,.T.);
#997=EDGE_LOOP('',(#981,#989,#995,#996));
#998=FACE_BOUND('',#997,.T.);
#999=ADVANCED_FACE('NONE',(#998),#980,.F.);
#1000=CARTESIAN_POINT('',(2.95,-9.34670273,-1.3));
#1001=DIRECTION('',(0.,1.,0.));
#1002=DIRECTION('',(0.,-0.,1.));
#1003=AXIS2_PLACEMENT_3D('',#1000,#1001,#1002);
#1004=CYLINDRICAL_SURFACE('',#1003,0.1);
#1005=ORIENTED_EDGE('',*,*,#994,.F.);
#1006=CARTESIAN_POINT('',(2.95,-0.02,-1.4));
#1007=VERTEX_POINT('',#1006);
#1008=CARTESIAN_POINT('',(2.95,-0.02,-1.3));
#1009=DIRECTION('',(0.,1.,0.));
#1010=DIRECTION('',(0.,-0.,1.));
#1011=AXIS2_PLACEMENT_3D('',#1008,#1009,#1010);
#1012=CIRCLE('',#1011,0.1);
#1013=EDGE_CURVE('NONE',#983,#1007,#1012,.T.);
#1014=ORIENTED_EDGE('',*,*,#1013,.T.);
#1015=CARTESIAN_POINT('',(2.95,-0.02,-1.4));
#1016=DIRECTION('',(0.,1.,0.));
#1017=VECTOR('',#1016,0.02);
#1018=LINE('',#1015,#1017);
#1019=EDGE_CURVE('NONE',#1007,#770,#1018,.T.);
#1020=ORIENTED_EDGE('',*,*,#1019,.T.);
#1021=ORIENTED_EDGE('',*,*,#776,.T.);
#1022=EDGE_LOOP('',(#1005,#1014,#1020,#1021));
#1023=FACE_BOUND('',#1022,.T.);
#1024=ADVANCED_FACE('NONE',(#1023),#1004,.T.);
#1025=CARTESIAN_POINT('',(1.4,-9.34670273,-1.4));
#1026=DIRECTION('',(0.,0.,1.));
#1027=DIRECTION('',(1.,0.,-0.));
#1028=AXIS2_PLACEMENT_3D('',#1025,#1026,#1027);
#1029=PLANE('',#1028);
#1030=ORIENTED_EDGE('',*,*,#1019,.F.);
#1031=CARTESIAN_POINT('',(1.4,-0.02,-1.4));
#1032=VERTEX_POINT('',#1031);
#1033=CARTESIAN_POINT('',(2.95,-0.02,-1.4));
#1034=DIRECTION('',(-1.,-0.,0.));
#1035=VECTOR('',#1034,1.55);
#1036=LINE('',#1033,#1035);
#1037=EDGE_CURVE('NONE',#1007,#1032,#1036,.T.);
#1038=ORIENTED_EDGE('',*,*,#1037,.T.);
#1039=CARTESIAN_POINT('',(1.4,-0.02,-1.4));
#1040=DIRECTION('',(0.,1.,0.));
#1041=VECTOR('',#1040,0.02);
#1042=LINE('',#1039,#1041);
#1043=EDGE_CURVE('NONE',#1032,#779,#1042,.T.);
#1044=ORIENTED_EDGE('',*,*,#1043,.T.);
#1045=ORIENTED_EDGE('',*,*,#784,.T.);
#1046=EDGE_LOOP('',(#1030,#1038,#1044,#1045));
#1047=FACE_BOUND('',#1046,.T.);
#1048=ADVANCED_FACE('NONE',(#1047),#1029,.F.);
#1049=CARTESIAN_POINT('',(1.4,-9.34670273,-2.95));
#1050=DIRECTION('',(-1.,0.,0.));
#1051=DIRECTION('',(0.,0.,1.));
#1052=AXIS2_PLACEMENT_3D('',#1049,#1050,#1051);
#1053=PLANE('',#1052);
#1054=ORIENTED_EDGE('',*,*,#1043,.F.);
#1055=CARTESIAN_POINT('',(1.4,-0.02,-2.95));
#1056=VERTEX_POINT('',#1055);
#1057=CARTESIAN_POINT('',(1.4,-0.02,-1.4));
#1058=DIRECTION('',(-0.,-0.,-1.));
#1059=VECTOR('',#1058,1.55);
#1060=LINE('',#1057,#1059);
#1061=EDGE_CURVE('NONE',#1032,#1056,#1060,.T.);
#1062=ORIENTED_EDGE('',*,*,#1061,.T.);
#1063=CARTESIAN_POINT('',(1.4,-0.02,-2.95));
#1064=DIRECTION('',(0.,1.,0.));
#1065=VECTOR('',#1064,0.02);
#1066=LINE('',#1063,#1065);
#1067=EDGE_CURVE('NONE',#1056,#787,#1066,.T.);
#1068=ORIENTED_EDGE('',*,*,#1067,.T.);
#1069=ORIENTED_EDGE('',*,*,#792,.T.);
#1070=EDGE_LOOP('',(#1054,#1062,#1068,#1069));
#1071=FACE_BOUND('',#1070,.T.);
#1072=ADVANCED_FACE('NONE',(#1071),#1053,.F.);
#1073=CARTESIAN_POINT('',(1.3,-9.34670273,-2.95));
#1074=DIRECTION('',(0.,1.,0.));
#1075=DIRECTION('',(0.,-0.,1.));
#1076=AXIS2_PLACEMENT_3D('',#1073,#1074,#1075);
#1077=CYLINDRICAL_SURFACE('',#1076,0.1);
#1078=ORIENTED_EDGE('',*,*,#1067,.F.);
#1079=CARTESIAN_POINT('',(1.3,-0.02,-3.05));
#1080=VERTEX_POINT('',#1079);
#1081=CARTESIAN_POINT('',(1.3,-0.02,-2.95));
#1082=DIRECTION('',(0.,1.,0.));
#1083=DIRECTION('',(0.,-0.,1.));
#1084=AXIS2_PLACEMENT_3D('',#1081,#1082,#1083);
#1085=CIRCLE('',#1084,0.1);
#1086=EDGE_CURVE('NONE',#1056,#1080,#1085,.T.);
#1087=ORIENTED_EDGE('',*,*,#1086,.T.);
#1088=CARTESIAN_POINT('',(1.3,-0.02,-3.05));
#1089=DIRECTION('',(0.,1.,0.));
#1090=VECTOR('',#1089,0.02);
#1091=LINE('',#1088,#1090);
#1092=EDGE_CURVE('NONE',#1080,#795,#1091,.T.);
#1093=ORIENTED_EDGE('',*,*,#1092,.T.);
#1094=ORIENTED_EDGE('',*,*,#801,.T.);
#1095=EDGE_LOOP('',(#1078,#1087,#1093,#1094));
#1096=FACE_BOUND('',#1095,.T.);
#1097=ADVANCED_FACE('NONE',(#1096),#1077,.T.);
#1098=CARTESIAN_POINT('',(-1.3,-9.34670273,-3.05));
#1099=DIRECTION('',(0.,0.,1.));
#1100=DIRECTION('',(1.,0.,0.));
#1101=AXIS2_PLACEMENT_3D('',#1098,#1099,#1100);
#1102=PLANE('',#1101);
#1103=ORIENTED_EDGE('',*,*,#1092,.F.);
#1104=CARTESIAN_POINT('',(-1.3,-0.02,-3.05));
#1105=VERTEX_POINT('',#1104);
#1106=CARTESIAN_POINT('',(1.3,-0.02,-3.05));
#1107=DIRECTION('',(-1.,-0.,0.));
#1108=VECTOR('',#1107,2.6);
#1109=LINE('',#1106,#1108);
#1110=EDGE_CURVE('NONE',#1080,#1105,#1109,.T.);
#1111=ORIENTED_EDGE('',*,*,#1110,.T.);
#1112=CARTESIAN_POINT('',(-1.3,-0.02,-3.05));
#1113=DIRECTION('',(0.,1.,0.));
#1114=VECTOR('',#1113,0.02);
#1115=LINE('',#1112,#1114);
#1116=EDGE_CURVE('NONE',#1105,#804,#1115,.T.);
#1117=ORIENTED_EDGE('',*,*,#1116,.T.);
#1118=ORIENTED_EDGE('',*,*,#809,.T.);
#1119=EDGE_LOOP('',(#1103,#1111,#1117,#1118));
#1120=FACE_BOUND('',#1119,.T.);
#1121=ADVANCED_FACE('NONE',(#1120),#1102,.F.);
#1122=CARTESIAN_POINT('',(-1.3,-9.34670273,-2.95));
#1123=DIRECTION('',(0.,1.,0.));
#1124=DIRECTION('',(0.,-0.,1.));
#1125=AXIS2_PLACEMENT_3D('',#1122,#1123,#1124);
#1126=CYLINDRICAL_SURFACE('',#1125,0.1);
#1127=ORIENTED_EDGE('',*,*,#1116,.F.);
#1128=CARTESIAN_POINT('',(-1.4,-0.02,-2.95));
#1129=VERTEX_POINT('',#1128);
#1130=CARTESIAN_POINT('',(-1.3,-0.02,-2.95));
#1131=DIRECTION('',(0.,1.,0.));
#1132=DIRECTION('',(0.,-0.,1.));
#1133=AXIS2_PLACEMENT_3D('',#1130,#1131,#1132);
#1134=CIRCLE('',#1133,0.1);
#1135=EDGE_CURVE('NONE',#1105,#1129,#1134,.T.);
#1136=ORIENTED_EDGE('',*,*,#1135,.T.);
#1137=CARTESIAN_POINT('',(-1.4,-0.02,-2.95));
#1138=DIRECTION('',(0.,1.,0.));
#1139=VECTOR('',#1138,0.02);
#1140=LINE('',#1137,#1139);
#1141=EDGE_CURVE('NONE',#1129,#812,#1140,.T.);
#1142=ORIENTED_EDGE('',*,*,#1141,.T.);
#1143=ORIENTED_EDGE('',*,*,#818,.T.);
#1144=EDGE_LOOP('',(#1127,#1136,#1142,#1143));
#1145=FACE_BOUND('',#1144,.T.);
#1146=ADVANCED_FACE('NONE',(#1145),#1126,.T.);
#1147=CARTESIAN_POINT('',(-1.4,-9.34670273,-2.95));
#1148=DIRECTION('',(1.,0.,0.));
#1149=DIRECTION('',(0.,0.,-1.));
#1150=AXIS2_PLACEMENT_3D('',#1147,#1148,#1149);
#1151=PLANE('',#1150);
#1152=ORIENTED_EDGE('',*,*,#1141,.F.);
#1153=CARTESIAN_POINT('',(-1.4,-0.02,-1.4));
#1154=VERTEX_POINT('',#1153);
#1155=CARTESIAN_POINT('',(-1.4,-0.02,-2.95));
#1156=DIRECTION('',(-0.,-0.,1.));
#1157=VECTOR('',#1156,1.55);
#1158=LINE('',#1155,#1157);
#1159=EDGE_CURVE('NONE',#1129,#1154,#1158,.T.);
#1160=ORIENTED_EDGE('',*,*,#1159,.T.);
#1161=CARTESIAN_POINT('',(-1.4,-0.02,-1.4));
#1162=DIRECTION('',(0.,1.,0.));
#1163=VECTOR('',#1162,0.02);
#1164=LINE('',#1161,#1163);
#1165=EDGE_CURVE('NONE',#1154,#821,#1164,.T.);
#1166=ORIENTED_EDGE('',*,*,#1165,.T.);
#1167=ORIENTED_EDGE('',*,*,#826,.T.);
#1168=EDGE_LOOP('',(#1152,#1160,#1166,#1167));
#1169=FACE_BOUND('',#1168,.T.);
#1170=ADVANCED_FACE('NONE',(#1169),#1151,.F.);
#1171=CARTESIAN_POINT('',(-1.4,-9.34670273,-1.4));
#1172=DIRECTION('',(-0.,0.,1.));
#1173=DIRECTION('',(1.,0.,0.));
#1174=AXIS2_PLACEMENT_3D('',#1171,#1172,#1173);
#1175=PLANE('',#1174);
#1176=ORIENTED_EDGE('',*,*,#1165,.F.);
#1177=CARTESIAN_POINT('',(-2.95,-0.02,-1.4));
#1178=VERTEX_POINT('',#1177);
#1179=CARTESIAN_POINT('',(-1.4,-0.02,-1.4));
#1180=DIRECTION('',(-1.,-0.,-0.));
#1181=VECTOR('',#1180,1.55);
#1182=LINE('',#1179,#1181);
#1183=EDGE_CURVE('NONE',#1154,#1178,#1182,.T.);
#1184=ORIENTED_EDGE('',*,*,#1183,.T.);
#1185=CARTESIAN_POINT('',(-2.95,-0.02,-1.4));
#1186=DIRECTION('',(0.,1.,0.));
#1187=VECTOR('',#1186,0.02);
#1188=LINE('',#1185,#1187);
#1189=EDGE_CURVE('NONE',#1178,#829,#1188,.T.);
#1190=ORIENTED_EDGE('',*,*,#1189,.T.);
#1191=ORIENTED_EDGE('',*,*,#834,.T.);
#1192=EDGE_LOOP('',(#1176,#1184,#1190,#1191));
#1193=FACE_BOUND('',#1192,.T.);
#1194=ADVANCED_FACE('NONE',(#1193),#1175,.F.);
#1195=CARTESIAN_POINT('',(-2.95,-9.34670273,-1.3));
#1196=DIRECTION('',(0.,1.,0.));
#1197=DIRECTION('',(0.,-0.,1.));
#1198=AXIS2_PLACEMENT_3D('',#1195,#1196,#1197);
#1199=CYLINDRICAL_SURFACE('',#1198,0.1);
#1200=ORIENTED_EDGE('',*,*,#1189,.F.);
#1201=CARTESIAN_POINT('',(-3.05,-0.02,-1.3));
#1202=VERTEX_POINT('',#1201);
#1203=CARTESIAN_POINT('',(-2.95,-0.02,-1.3));
#1204=DIRECTION('',(0.,1.,0.));
#1205=DIRECTION('',(0.,-0.,1.));
#1206=AXIS2_PLACEMENT_3D('',#1203,#1204,#1205);
#1207=CIRCLE('',#1206,0.1);
#1208=EDGE_CURVE('NONE',#1178,#1202,#1207,.T.);
#1209=ORIENTED_EDGE('',*,*,#1208,.T.);
#1210=CARTESIAN_POINT('',(-3.05,-0.02,-1.3));
#1211=DIRECTION('',(0.,1.,0.));
#1212=VECTOR('',#1211,0.02);
#1213=LINE('',#1210,#1212);
#1214=EDGE_CURVE('NONE',#1202,#837,#1213,.T.);
#1215=ORIENTED_EDGE('',*,*,#1214,.T.);
#1216=ORIENTED_EDGE('',*,*,#843,.T.);
#1217=EDGE_LOOP('',(#1200,#1209,#1215,#1216));
#1218=FACE_BOUND('',#1217,.T.);
#1219=ADVANCED_FACE('NONE',(#1218),#1199,.T.);
#1220=CARTESIAN_POINT('',(-3.05,-9.34670273,1.3));
#1221=DIRECTION('',(1.,0.,0.));
#1222=DIRECTION('',(0.,0.,-1.));
#1223=AXIS2_PLACEMENT_3D('',#1220,#1221,#1222);
#1224=PLANE('',#1223);
#1225=ORIENTED_EDGE('',*,*,#1214,.F.);
#1226=CARTESIAN_POINT('',(-3.05,-0.02,1.3));
#1227=VERTEX_POINT('',#1226);
#1228=CARTESIAN_POINT('',(-3.05,-0.02,-1.3));
#1229=DIRECTION('',(-0.,-0.,1.));
#1230=VECTOR('',#1229,2.6);
#1231=LINE('',#1228,#1230);
#1232=EDGE_CURVE('NONE',#1202,#1227,#1231,.T.);
#1233=ORIENTED_EDGE('',*,*,#1232,.T.);
#1234=CARTESIAN_POINT('',(-3.05,-0.02,1.3));
#1235=DIRECTION('',(0.,1.,0.));
#1236=VECTOR('',#1235,0.02);
#1237=LINE('',#1234,#1236);
#1238=EDGE_CURVE('NONE',#1227,#846,#1237,.T.);
#1239=ORIENTED_EDGE('',*,*,#1238,.T.);
#1240=ORIENTED_EDGE('',*,*,#851,.T.);
#1241=EDGE_LOOP('',(#1225,#1233,#1239,#1240));
#1242=FACE_BOUND('',#1241,.T.);
#1243=ADVANCED_FACE('NONE',(#1242),#1224,.F.);
#1244=CARTESIAN_POINT('',(-2.95,-9.34670273,1.3));
#1245=DIRECTION('',(0.,1.,0.));
#1246=DIRECTION('',(0.,-0.,1.));
#1247=AXIS2_PLACEMENT_3D('',#1244,#1245,#1246);
#1248=CYLINDRICAL_SURFACE('',#1247,0.1);
#1249=ORIENTED_EDGE('',*,*,#1238,.F.);
#1250=CARTESIAN_POINT('',(-2.95,-0.02,1.4));
#1251=VERTEX_POINT('',#1250);
#1252=CARTESIAN_POINT('',(-2.95,-0.02,1.3));
#1253=DIRECTION('',(0.,1.,0.));
#1254=DIRECTION('',(0.,-0.,1.));
#1255=AXIS2_PLACEMENT_3D('',#1252,#1253,#1254);
#1256=CIRCLE('',#1255,0.1);
#1257=EDGE_CURVE('NONE',#1227,#1251,#1256,.T.);
#1258=ORIENTED_EDGE('',*,*,#1257,.T.);
#1259=CARTESIAN_POINT('',(-2.95,-0.02,1.4));
#1260=DIRECTION('',(0.,1.,0.));
#1261=VECTOR('',#1260,0.02);
#1262=LINE('',#1259,#1261);
#1263=EDGE_CURVE('NONE',#1251,#854,#1262,.T.);
#1264=ORIENTED_EDGE('',*,*,#1263,.T.);
#1265=ORIENTED_EDGE('',*,*,#860,.T.);
#1266=EDGE_LOOP('',(#1249,#1258,#1264,#1265));
#1267=FACE_BOUND('',#1266,.T.);
#1268=ADVANCED_FACE('NONE',(#1267),#1248,.T.);
#1269=CARTESIAN_POINT('',(-1.4,-9.34670273,1.4));
#1270=DIRECTION('',(-0.,0.,-1.));
#1271=DIRECTION('',(-1.,0.,0.));
#1272=AXIS2_PLACEMENT_3D('',#1269,#1270,#1271);
#1273=PLANE('',#1272);
#1274=ORIENTED_EDGE('',*,*,#1263,.F.);
#1275=CARTESIAN_POINT('',(-1.4,-0.02,1.4));
#1276=VERTEX_POINT('',#1275);
#1277=CARTESIAN_POINT('',(-2.95,-0.02,1.4));
#1278=DIRECTION('',(1.,-0.,-0.));
#1279=VECTOR('',#1278,1.55);
#1280=LINE('',#1277,#1279);
#1281=EDGE_CURVE('NONE',#1251,#1276,#1280,.T.);
#1282=ORIENTED_EDGE('',*,*,#1281,.T.);
#1283=CARTESIAN_POINT('',(-1.4,-0.02,1.4));
#1284=DIRECTION('',(0.,1.,0.));
#1285=VECTOR('',#1284,0.02);
#1286=LINE('',#1283,#1285);
#1287=EDGE_CURVE('NONE',#1276,#863,#1286,.T.);
#1288=ORIENTED_EDGE('',*,*,#1287,.T.);
#1289=ORIENTED_EDGE('',*,*,#868,.T.);
#1290=EDGE_LOOP('',(#1274,#1282,#1288,#1289));
#1291=FACE_BOUND('',#1290,.T.);
#1292=ADVANCED_FACE('NONE',(#1291),#1273,.F.);
#1293=CARTESIAN_POINT('',(-1.4,-9.34670273,2.95));
#1294=DIRECTION('',(1.,0.,-0.));
#1295=DIRECTION('',(-0.,0.,-1.));
#1296=AXIS2_PLACEMENT_3D('',#1293,#1294,#1295);
#1297=PLANE('',#1296);
#1298=ORIENTED_EDGE('',*,*,#1287,.F.);
#1299=CARTESIAN_POINT('',(-1.4,-0.02,2.95));
#1300=VERTEX_POINT('',#1299);
#1301=CARTESIAN_POINT('',(-1.4,-0.02,1.4));
#1302=DIRECTION('',(0.,-0.,1.));
#1303=VECTOR('',#1302,1.55);
#1304=LINE('',#1301,#1303);
#1305=EDGE_CURVE('NONE',#1276,#1300,#1304,.T.);
#1306=ORIENTED_EDGE('',*,*,#1305,.T.);
#1307=CARTESIAN_POINT('',(-1.4,-0.02,2.95));
#1308=DIRECTION('',(0.,1.,0.));
#1309=VECTOR('',#1308,0.02);
#1310=LINE('',#1307,#1309);
#1311=EDGE_CURVE('NONE',#1300,#871,#1310,.T.);
#1312=ORIENTED_EDGE('',*,*,#1311,.T.);
#1313=ORIENTED_EDGE('',*,*,#876,.T.);
#1314=EDGE_LOOP('',(#1298,#1306,#1312,#1313));
#1315=FACE_BOUND('',#1314,.T.);
#1316=ADVANCED_FACE('NONE',(#1315),#1297,.F.);
#1317=CARTESIAN_POINT('',(-1.3,-9.34670273,2.95));
#1318=DIRECTION('',(0.,1.,0.));
#1319=DIRECTION('',(0.,-0.,1.));
#1320=AXIS2_PLACEMENT_3D('',#1317,#1318,#1319);
#1321=CYLINDRICAL_SURFACE('',#1320,0.1);
#1322=ORIENTED_EDGE('',*,*,#1311,.F.);
#1323=CARTESIAN_POINT('',(-1.3,-0.02,3.05));
#1324=VERTEX_POINT('',#1323);
#1325=CARTESIAN_POINT('',(-1.3,-0.02,2.95));
#1326=DIRECTION('',(0.,1.,0.));
#1327=DIRECTION('',(0.,-0.,1.));
#1328=AXIS2_PLACEMENT_3D('',#1325,#1326,#1327);
#1329=CIRCLE('',#1328,0.1);
#1330=EDGE_CURVE('NONE',#1300,#1324,#1329,.T.);
#1331=ORIENTED_EDGE('',*,*,#1330,.T.);
#1332=CARTESIAN_POINT('',(-1.3,-0.02,3.05));
#1333=DIRECTION('',(0.,1.,0.));
#1334=VECTOR('',#1333,0.02);
#1335=LINE('',#1332,#1334);
#1336=EDGE_CURVE('NONE',#1324,#879,#1335,.T.);
#1337=ORIENTED_EDGE('',*,*,#1336,.T.);
#1338=ORIENTED_EDGE('',*,*,#885,.T.);
#1339=EDGE_LOOP('',(#1322,#1331,#1337,#1338));
#1340=FACE_BOUND('',#1339,.T.);
#1341=ADVANCED_FACE('NONE',(#1340),#1321,.T.);
#1342=CARTESIAN_POINT('',(-1.3,-9.34670273,3.05));
#1343=DIRECTION('',(0.,0.,-1.));
#1344=DIRECTION('',(-1.,0.,0.));
#1345=AXIS2_PLACEMENT_3D('',#1342,#1343,#1344);
#1346=PLANE('',#1345);
#1347=ORIENTED_EDGE('',*,*,#1336,.F.);
#1348=CARTESIAN_POINT('',(1.3,-0.02,3.05));
#1349=VERTEX_POINT('',#1348);
#1350=CARTESIAN_POINT('',(-1.3,-0.02,3.05));
#1351=DIRECTION('',(1.,-0.,-0.));
#1352=VECTOR('',#1351,2.6);
#1353=LINE('',#1350,#1352);
#1354=EDGE_CURVE('NONE',#1324,#1349,#1353,.T.);
#1355=ORIENTED_EDGE('',*,*,#1354,.T.);
#1356=CARTESIAN_POINT('',(1.3,-0.02,3.05));
#1357=DIRECTION('',(0.,1.,0.));
#1358=VECTOR('',#1357,0.02);
#1359=LINE('',#1356,#1358);
#1360=EDGE_CURVE('NONE',#1349,#728,#1359,.T.);
#1361=ORIENTED_EDGE('',*,*,#1360,.T.);
#1362=ORIENTED_EDGE('',*,*,#891,.T.);
#1363=EDGE_LOOP('',(#1347,#1355,#1361,#1362));
#1364=FACE_BOUND('',#1363,.T.);
#1365=ADVANCED_FACE('NONE',(#1364),#1346,.F.);
#1366=CARTESIAN_POINT('',(1.3,-9.34670273,2.95));
#1367=DIRECTION('',(0.,1.,0.));
#1368=DIRECTION('',(0.,-0.,1.));
#1369=AXIS2_PLACEMENT_3D('',#1366,#1367,#1368);
#1370=CYLINDRICAL_SURFACE('',#1369,0.1);
#1371=ORIENTED_EDGE('',*,*,#1360,.F.);
#1372=CARTESIAN_POINT('',(1.3,-0.02,2.95));
#1373=DIRECTION('',(0.,1.,0.));
#1374=DIRECTION('',(0.,-0.,1.));
#1375=AXIS2_PLACEMENT_3D('',#1372,#1373,#1374);
#1376=CIRCLE('',#1375,0.1);
#1377=EDGE_CURVE('NONE',#1349,#902,#1376,.T.);
#1378=ORIENTED_EDGE('',*,*,#1377,.T.);
#1379=ORIENTED_EDGE('',*,*,#907,.T.);
#1380=ORIENTED_EDGE('',*,*,#734,.T.);
#1381=EDGE_LOOP('',(#1371,#1378,#1379,#1380));
#1382=FACE_BOUND('',#1381,.T.);
#1383=ADVANCED_FACE('NONE',(#1382),#1370,.T.);
#1384=CARTESIAN_POINT('',(0.,-0.02,0.));
#1385=DIRECTION('',(0.,1.,0.));
#1386=DIRECTION('',(0.,0.,1.));
#1387=AXIS2_PLACEMENT_3D('',#1384,#1385,#1386);
#1388=PLANE('',#1387);
#1389=ORIENTED_EDGE('',*,*,#1354,.F.);
#1390=ORIENTED_EDGE('',*,*,#1330,.F.);
#1391=ORIENTED_EDGE('',*,*,#1305,.F.);
#1392=ORIENTED_EDGE('',*,*,#1281,.F.);
#1393=ORIENTED_EDGE('',*,*,#1257,.F.);
#1394=ORIENTED_EDGE('',*,*,#1232,.F.);
#1395=ORIENTED_EDGE('',*,*,#1208,.F.);
#1396=ORIENTED_EDGE('',*,*,#1183,.F.);
#1397=ORIENTED_EDGE('',*,*,#1159,.F.);
#1398=ORIENTED_EDGE('',*,*,#1135,.F.);
#1399=ORIENTED_EDGE('',*,*,#1110,.F.);
#1400=ORIENTED_EDGE('',*,*,#1086,.F.);
#1401=ORIENTED_EDGE('',*,*,#1061,.F.);
#1402=ORIENTED_EDGE('',*,*,#1037,.F.);
#1403=ORIENTED_EDGE('',*,*,#1013,.F.);
#1404=ORIENTED_EDGE('',*,*,#988,.F.);
#1405=ORIENTED_EDGE('',*,*,#964,.F.);
#1406=ORIENTED_EDGE('',*,*,#939,.F.);
#1407=ORIENTED_EDGE('',*,*,#915,.F.);
#1408=ORIENTED_EDGE('',*,*,#1377,.F.);
#1409=EDGE_LOOP('',(#1389,#1390,#1391,#1392,#1393,#1394,#1395,#1396,#1397,#1398,#1399,#1400,#1401,#1402,#1403,#1404,#1405,#1406,#1407,#1408));
#1410=FACE_BOUND('',#1409,.T.);
#1411=ADVANCED_FACE('NONE',(#1410),#1388,.F.);
#1412=OVER_RIDING_STYLED_ITEM('',(#234),#1411,#719);
#1413=CLOSED_SHELL('',(#895,#926,#950,#975,#999,#1024,#1048,#1072,#1097,#1121,#1146,#1170,#1194,#1219,#1243,#1268,#1292,#1316,#1341,#1365,#1383,#1411));
#1414=MANIFOLD_SOLID_BREP('Boss-Extrude2[5]',#1413);
#719=STYLED_ITEM('',(#256),#1414);
#1416=CARTESIAN_POINT('',(-3.5,0.68,3.5));
#1417=DIRECTION('',(1.,0.,0.));
#1418=DIRECTION('',(0.,0.,-1.));
#1419=AXIS2_PLACEMENT_3D('',#1416,#1417,#1418);
#1420=PLANE('',#1419);
#1421=CARTESIAN_POINT('',(-3.5,0.,-3.5));
#1422=VERTEX_POINT('',#1421);
#1423=CARTESIAN_POINT('',(-3.5,0.,3.5));
#1424=VERTEX_POINT('',#1423);
#1425=CARTESIAN_POINT('',(-3.5,0.,-3.5));
#1426=DIRECTION('',(-0.,-0.,1.));
#1427=VECTOR('',#1426,7.);
#1428=LINE('',#1425,#1427);
#1429=EDGE_CURVE('NONE',#1422,#1424,#1428,.T.);
#1430=ORIENTED_EDGE('',*,*,#1429,.T.);
#1431=CARTESIAN_POINT('',(-3.5,0.68,3.5));
#1432=VERTEX_POINT('',#1431);
#1433=CARTESIAN_POINT('',(-3.5,0.68,3.5));
#1434=DIRECTION('',(-0.,-1.,-0.));
#1435=VECTOR('',#1434,0.68);
#1436=LINE('',#1433,#1435);
#1437=EDGE_CURVE('NONE',#1432,#1424,#1436,.T.);
#1438=ORIENTED_EDGE('',*,*,#1437,.F.);
#1439=CARTESIAN_POINT('',(-3.5,0.68,-3.5));
#1440=VERTEX_POINT('',#1439);
#1441=CARTESIAN_POINT('',(-3.5,0.68,-3.5));
#1442=DIRECTION('',(0.,0.,1.));
#1443=VECTOR('',#1442,7.);
#1444=LINE('',#1441,#1443);
#1445=EDGE_CURVE('NONE',#1440,#1432,#1444,.T.);
#1446=ORIENTED_EDGE('',*,*,#1445,.F.);
#1447=CARTESIAN_POINT('',(-3.5,0.68,-3.5));
#1448=DIRECTION('',(-0.,-1.,-0.));
#1449=VECTOR('',#1448,0.68);
#1450=LINE('',#1447,#1449);
#1451=EDGE_CURVE('NONE',#1440,#1422,#1450,.T.);
#1452=ORIENTED_EDGE('',*,*,#1451,.T.);
#1453=EDGE_LOOP('',(#1430,#1438,#1446,#1452));
#1454=FACE_BOUND('',#1453,.T.);
#1455=ADVANCED_FACE('NONE',(#1454),#1420,.F.);
#1456=CARTESIAN_POINT('',(3.5,0.68,3.5));
#1457=DIRECTION('',(-0.,0.,-1.));
#1458=DIRECTION('',(-1.,0.,0.));
#1459=AXIS2_PLACEMENT_3D('',#1456,#1457,#1458);
#1460=PLANE('',#1459);
#1461=CARTESIAN_POINT('',(3.5,0.,3.5));
#1462=VERTEX_POINT('',#1461);
#1463=CARTESIAN_POINT('',(-3.5,0.,3.5));
#1464=DIRECTION('',(1.,-0.,-0.));
#1465=VECTOR('',#1464,7.);
#1466=LINE('',#1463,#1465);
#1467=EDGE_CURVE('NONE',#1424,#1462,#1466,.T.);
#1468=ORIENTED_EDGE('',*,*,#1467,.T.);
#1469=CARTESIAN_POINT('',(3.5,0.68,3.5));
#1470=VERTEX_POINT('',#1469);
#1471=CARTESIAN_POINT('',(3.5,0.68,3.5));
#1472=DIRECTION('',(-0.,-1.,-0.));
#1473=VECTOR('',#1472,0.68);
#1474=LINE('',#1471,#1473);
#1475=EDGE_CURVE('NONE',#1470,#1462,#1474,.T.);
#1476=ORIENTED_EDGE('',*,*,#1475,.F.);
#1477=CARTESIAN_POINT('',(-3.5,0.68,3.5));
#1478=DIRECTION('',(1.,0.,-0.));
#1479=VECTOR('',#1478,7.);
#1480=LINE('',#1477,#1479);
#1481=EDGE_CURVE('NONE',#1432,#1470,#1480,.T.);
#1482=ORIENTED_EDGE('',*,*,#1481,.F.);
#1483=ORIENTED_EDGE('',*,*,#1437,.T.);
#1484=EDGE_LOOP('',(#1468,#1476,#1482,#1483));
#1485=FACE_BOUND('',#1484,.T.);
#1486=ADVANCED_FACE('NONE',(#1485),#1460,.F.);
#1487=CARTESIAN_POINT('',(3.5,0.68,3.5));
#1488=DIRECTION('',(-1.,0.,0.));
#1489=DIRECTION('',(0.,0.,1.));
#1490=AXIS2_PLACEMENT_3D('',#1487,#1488,#1489);
#1491=PLANE('',#1490);
#1492=CARTESIAN_POINT('',(3.5,0.,-3.5));
#1493=VERTEX_POINT('',#1492);
#1494=CARTESIAN_POINT('',(3.5,0.,3.5));
#1495=DIRECTION('',(-0.,-0.,-1.));
#1496=VECTOR('',#1495,7.);
#1497=LINE('',#1494,#1496);
#1498=EDGE_CURVE('NONE',#1462,#1493,#1497,.T.);
#1499=ORIENTED_EDGE('',*,*,#1498,.T.);
#1500=CARTESIAN_POINT('',(3.5,0.68,-3.5));
#1501=VERTEX_POINT('',#1500);
#1502=CARTESIAN_POINT('',(3.5,0.68,-3.5));
#1503=DIRECTION('',(-0.,-1.,-0.));
#1504=VECTOR('',#1503,0.68);
#1505=LINE('',#1502,#1504);
#1506=EDGE_CURVE('NONE',#1501,#1493,#1505,.T.);
#1507=ORIENTED_EDGE('',*,*,#1506,.F.);
#1508=CARTESIAN_POINT('',(3.5,0.68,3.5));
#1509=DIRECTION('',(-0.,-0.,-1.));
#1510=VECTOR('',#1509,7.);
#1511=LINE('',#1508,#1510);
#1512=EDGE_CURVE('NONE',#1470,#1501,#1511,.T.);
#1513=ORIENTED_EDGE('',*,*,#1512,.F.);
#1514=ORIENTED_EDGE('',*,*,#1475,.T.);
#1515=EDGE_LOOP('',(#1499,#1507,#1513,#1514));
#1516=FACE_BOUND('',#1515,.T.);
#1517=ADVANCED_FACE('NONE',(#1516),#1491,.F.);
#1518=CARTESIAN_POINT('',(3.5,0.68,-3.5));
#1519=DIRECTION('',(0.,0.,1.));
#1520=DIRECTION('',(1.,0.,-0.));
#1521=AXIS2_PLACEMENT_3D('',#1518,#1519,#1520);
#1522=PLANE('',#1521);
#1523=CARTESIAN_POINT('',(3.5,0.,-3.5));
#1524=DIRECTION('',(-1.,-0.,0.));
#1525=VECTOR('',#1524,7.);
#1526=LINE('',#1523,#1525);
#1527=EDGE_CURVE('NONE',#1493,#1422,#1526,.T.);
#1528=ORIENTED_EDGE('',*,*,#1527,.T.);
#1529=ORIENTED_EDGE('',*,*,#1451,.F.);
#1530=CARTESIAN_POINT('',(3.5,0.68,-3.5));
#1531=DIRECTION('',(-1.,-0.,0.));
#1532=VECTOR('',#1531,7.);
#1533=LINE('',#1530,#1532);
#1534=EDGE_CURVE('NONE',#1501,#1440,#1533,.T.);
#1535=ORIENTED_EDGE('',*,*,#1534,.F.);
#1536=ORIENTED_EDGE('',*,*,#1506,.T.);
#1537=EDGE_LOOP('',(#1528,#1529,#1535,#1536));
#1538=FACE_BOUND('',#1537,.T.);
#1539=ADVANCED_FACE('NONE',(#1538),#1522,.F.);
#1540=CARTESIAN_POINT('',(0.,0.68,0.));
#1541=DIRECTION('',(0.,1.,0.));
#1542=DIRECTION('',(0.,0.,1.));
#1543=AXIS2_PLACEMENT_3D('',#1540,#1541,#1542);
#1544=PLANE('',#1543);
#1545=CARTESIAN_POINT('',(-3.085,0.68,-3.085));
#1546=VERTEX_POINT('',#1545);
#1547=CARTESIAN_POINT('',(-3.085,0.68,3.085));
#1548=VERTEX_POINT('',#1547);
#1549=CARTESIAN_POINT('',(-3.085,0.68,-3.085));
#1550=DIRECTION('',(0.,0.,1.));
#1551=VECTOR('',#1550,6.17);
#1552=LINE('',#1549,#1551);
#1553=EDGE_CURVE('NONE',#1546,#1548,#1552,.T.);
#1554=ORIENTED_EDGE('',*,*,#1553,.F.);
#1555=CARTESIAN_POINT('',(3.085,0.68,-3.085));
#1556=VERTEX_POINT('',#1555);
#1557=CARTESIAN_POINT('',(3.085,0.68,-3.085));
#1558=DIRECTION('',(-1.,0.,0.));
#1559=VECTOR('',#1558,6.17);
#1560=LINE('',#1557,#1559);
#1561=EDGE_CURVE('NONE',#1556,#1546,#1560,.T.);
#1562=ORIENTED_EDGE('',*,*,#1561,.F.);
#1563=CARTESIAN_POINT('',(3.085,0.68,3.085));
#1564=VERTEX_POINT('',#1563);
#1565=CARTESIAN_POINT('',(3.085,0.68,3.085));
#1566=DIRECTION('',(0.,0.,-1.));
#1567=VECTOR('',#1566,6.17);
#1568=LINE('',#1565,#1567);
#1569=EDGE_CURVE('NONE',#1564,#1556,#1568,.T.);
#1570=ORIENTED_EDGE('',*,*,#1569,.F.);
#1571=CARTESIAN_POINT('',(-3.085,0.68,3.085));
#1572=DIRECTION('',(1.,0.,-0.));
#1573=VECTOR('',#1572,6.17);
#1574=LINE('',#1571,#1573);
#1575=EDGE_CURVE('NONE',#1548,#1564,#1574,.T.);
#1576=ORIENTED_EDGE('',*,*,#1575,.F.);
#1577=EDGE_LOOP('',(#1554,#1562,#1570,#1576));
#1578=FACE_BOUND('',#1577,.T.);
#1579=ORIENTED_EDGE('',*,*,#1445,.T.);
#1580=ORIENTED_EDGE('',*,*,#1481,.T.);
#1581=ORIENTED_EDGE('',*,*,#1512,.T.);
#1582=ORIENTED_EDGE('',*,*,#1534,.T.);
#1583=EDGE_LOOP('',(#1579,#1580,#1581,#1582));
#1584=FACE_BOUND('',#1583,.T.);
#1585=ADVANCED_FACE('NONE',(#1578,#1584),#1544,.T.);
#1586=CARTESIAN_POINT('',(0.,0.,0.));
#1587=DIRECTION('',(0.,1.,0.));
#1588=DIRECTION('',(0.,0.,1.));
#1589=AXIS2_PLACEMENT_3D('',#1586,#1587,#1588);
#1590=PLANE('',#1589);
#1591=ORIENTED_EDGE('',*,*,#1429,.F.);
#1592=ORIENTED_EDGE('',*,*,#1527,.F.);
#1593=ORIENTED_EDGE('',*,*,#1498,.F.);
#1594=ORIENTED_EDGE('',*,*,#1467,.F.);
#1595=EDGE_LOOP('',(#1591,#1592,#1593,#1594));
#1596=FACE_BOUND('',#1595,.T.);
#1597=ADVANCED_FACE('NONE',(#1596),#1590,.F.);
#1598=CARTESIAN_POINT('',(-3.085,0.48,-3.085));
#1599=DIRECTION('',(-1.,0.,0.));
#1600=DIRECTION('',(0.,0.,1.));
#1601=AXIS2_PLACEMENT_3D('',#1598,#1599,#1600);
#1602=PLANE('',#1601);
#1603=ORIENTED_EDGE('',*,*,#1553,.T.);
#1604=CARTESIAN_POINT('',(-3.085,0.48,3.085));
#1605=VERTEX_POINT('',#1604);
#1606=CARTESIAN_POINT('',(-3.085,0.48,3.085));
#1607=DIRECTION('',(0.,1.,0.));
#1608=VECTOR('',#1607,0.2);
#1609=LINE('',#1606,#1608);
#1610=EDGE_CURVE('NONE',#1605,#1548,#1609,.T.);
#1611=ORIENTED_EDGE('',*,*,#1610,.F.);
#1612=CARTESIAN_POINT('',(-3.085,0.48,-3.085));
#1613=VERTEX_POINT('',#1612);
#1614=CARTESIAN_POINT('',(-3.085,0.48,-3.085));
#1615=DIRECTION('',(-0.,-0.,1.));
#1616=VECTOR('',#1615,6.17);
#1617=LINE('',#1614,#1616);
#1618=EDGE_CURVE('NONE',#1613,#1605,#1617,.T.);
#1619=ORIENTED_EDGE('',*,*,#1618,.F.);
#1620=CARTESIAN_POINT('',(-3.085,0.48,-3.085));
#1621=DIRECTION('',(0.,1.,0.));
#1622=VECTOR('',#1621,0.2);
#1623=LINE('',#1620,#1622);
#1624=EDGE_CURVE('NONE',#1613,#1546,#1623,.T.);
#1625=ORIENTED_EDGE('',*,*,#1624,.T.);
#1626=EDGE_LOOP('',(#1603,#1611,#1619,#1625));
#1627=FACE_BOUND('',#1626,.T.);
#1628=ADVANCED_FACE('NONE',(#1627),#1602,.F.);
#1629=COLOUR_RGB('',0.792156875,0.819607854,0.933333337);
#1630=FILL_AREA_STYLE_COLOUR('',#1629);
#1631=FILL_AREA_STYLE('',(#1630));
#1632=SURFACE_STYLE_FILL_AREA(#1631);
#1633=SURFACE_SIDE_STYLE('',(#1632));
#1634=SURFACE_STYLE_USAGE(.BOTH.,#1633);
#1635=PRESENTATION_STYLE_ASSIGNMENT((#1634));
#1636=OVER_RIDING_STYLED_ITEM('',(#1635),#1628,#1415);
#1637=CARTESIAN_POINT('',(3.085,0.48,-3.085));
#1638=DIRECTION('',(0.,0.,-1.));
#1639=DIRECTION('',(-1.,0.,0.));
#1640=AXIS2_PLACEMENT_3D('',#1637,#1638,#1639);
#1641=PLANE('',#1640);
#1642=ORIENTED_EDGE('',*,*,#1561,.T.);
#1643=ORIENTED_EDGE('',*,*,#1624,.F.);
#1644=CARTESIAN_POINT('',(3.085,0.48,-3.085));
#1645=VERTEX_POINT('',#1644);
#1646=CARTESIAN_POINT('',(3.085,0.48,-3.085));
#1647=DIRECTION('',(-1.,-0.,0.));
#1648=VECTOR('',#1647,6.17);
#1649=LINE('',#1646,#1648);
#1650=EDGE_CURVE('NONE',#1645,#1613,#1649,.T.);
#1651=ORIENTED_EDGE('',*,*,#1650,.F.);
#1652=CARTESIAN_POINT('',(3.085,0.48,-3.085));
#1653=DIRECTION('',(0.,1.,0.));
#1654=VECTOR('',#1653,0.2);
#1655=LINE('',#1652,#1654);
#1656=EDGE_CURVE('NONE',#1645,#1556,#1655,.T.);
#1657=ORIENTED_EDGE('',*,*,#1656,.T.);
#1658=EDGE_LOOP('',(#1642,#1643,#1651,#1657));
#1659=FACE_BOUND('',#1658,.T.);
#1660=ADVANCED_FACE('NONE',(#1659),#1641,.F.);
#1661=OVER_RIDING_STYLED_ITEM('',(#1635),#1660,#1415);
#1662=CARTESIAN_POINT('',(3.085,0.48,-3.085));
#1663=DIRECTION('',(1.,0.,0.));
#1664=DIRECTION('',(0.,0.,-1.));
#1665=AXIS2_PLACEMENT_3D('',#1662,#1663,#1664);
#1666=PLANE('',#1665);
#1667=ORIENTED_EDGE('',*,*,#1569,.T.);
#1668=ORIENTED_EDGE('',*,*,#1656,.F.);
#1669=CARTESIAN_POINT('',(3.085,0.48,3.085));
#1670=VERTEX_POINT('',#1669);
#1671=CARTESIAN_POINT('',(3.085,0.48,3.085));
#1672=DIRECTION('',(0.,0.,-1.));
#1673=VECTOR('',#1672,6.17);
#1674=LINE('',#1671,#1673);
#1675=EDGE_CURVE('NONE',#1670,#1645,#1674,.T.);
#1676=ORIENTED_EDGE('',*,*,#1675,.F.);
#1677=CARTESIAN_POINT('',(3.085,0.48,3.085));
#1678=DIRECTION('',(0.,1.,0.));
#1679=VECTOR('',#1678,0.2);
#1680=LINE('',#1677,#1679);
#1681=EDGE_CURVE('NONE',#1670,#1564,#1680,.T.);
#1682=ORIENTED_EDGE('',*,*,#1681,.T.);
#1683=EDGE_LOOP('',(#1667,#1668,#1676,#1682));
#1684=FACE_BOUND('',#1683,.T.);
#1685=ADVANCED_FACE('NONE',(#1684),#1666,.F.);
#1686=OVER_RIDING_STYLED_ITEM('',(#1635),#1685,#1415);
#1687=CARTESIAN_POINT('',(3.085,0.48,3.085));
#1688=DIRECTION('',(0.,0.,1.));
#1689=DIRECTION('',(1.,0.,-0.));
#1690=AXIS2_PLACEMENT_3D('',#1687,#1688,#1689);
#1691=PLANE('',#1690);
#1692=ORIENTED_EDGE('',*,*,#1575,.T.);
#1693=ORIENTED_EDGE('',*,*,#1681,.F.);
#1694=CARTESIAN_POINT('',(-3.085,0.48,3.085));
#1695=DIRECTION('',(1.,0.,-0.));
#1696=VECTOR('',#1695,6.17);
#1697=LINE('',#1694,#1696);
#1698=EDGE_CURVE('NONE',#1605,#1670,#1697,.T.);
#1699=ORIENTED_EDGE('',*,*,#1698,.F.);
#1700=ORIENTED_EDGE('',*,*,#1610,.T.);
#1701=EDGE_LOOP('',(#1692,#1693,#1699,#1700));
#1702=FACE_BOUND('',#1701,.T.);
#1703=ADVANCED_FACE('NONE',(#1702),#1691,.F.);
#1704=OVER_RIDING_STYLED_ITEM('',(#1635),#1703,#1415);
#1705=CARTESIAN_POINT('',(0.,0.48,0.));
#1706=DIRECTION('',(0.,-1.,0.));
#1707=DIRECTION('',(0.,0.,-1.));
#1708=AXIS2_PLACEMENT_3D('',#1705,#1706,#1707);
#1709=PLANE('',#1708);
#1710=ORIENTED_EDGE('',*,*,#1618,.T.);
#1711=ORIENTED_EDGE('',*,*,#1698,.T.);
#1712=ORIENTED_EDGE('',*,*,#1675,.T.);
#1713=ORIENTED_EDGE('',*,*,#1650,.T.);
#1714=EDGE_LOOP('',(#1710,#1711,#1712,#1713));
#1715=FACE_BOUND('',#1714,.T.);
#1716=ADVANCED_FACE('NONE',(#1715),#1709,.F.);
#1717=CLOSED_SHELL('',(#1455,#1486,#1517,#1539,#1585,#1597,#1628,#1660,#1685,#1703,#1716));
#1718=MANIFOLD_SOLID_BREP('Cut-Extrude1',#1717);
#1719=COLOUR_RGB('',0.494117647,0.494117647,0.525490224);
#1720=FILL_AREA_STYLE_COLOUR('',#1719);
#1721=FILL_AREA_STYLE('',(#1720));
#1722=SURFACE_STYLE_FILL_AREA(#1721);
#1723=SURFACE_SIDE_STYLE('',(#1722));
#1724=SURFACE_STYLE_USAGE(.BOTH.,#1723);
#1725=PRESENTATION_STYLE_ASSIGNMENT((#1724));
#1415=STYLED_ITEM('',(#1725),#1718);
#1727=CARTESIAN_POINT('',(3.085,0.68,-3.085));
#1728=DIRECTION('',(0.,0.,1.));
#1729=DIRECTION('',(1.,0.,0.));
#1730=AXIS2_PLACEMENT_3D('',#1727,#1728,#1729);
#1731=PLANE('',#1730);
#1732=CARTESIAN_POINT('',(3.085,0.48,-3.085));
#1733=VERTEX_POINT('',#1732);
#1734=CARTESIAN_POINT('',(-3.085,0.48,-3.085));
#1735=VERTEX_POINT('',#1734);
#1736=CARTESIAN_POINT('',(3.085,0.48,-3.085));
#1737=DIRECTION('',(-1.,-0.,0.));
#1738=VECTOR('',#1737,6.17);
#1739=LINE('',#1736,#1738);
#1740=EDGE_CURVE('NONE',#1733,#1735,#1739,.T.);
#1741=ORIENTED_EDGE('',*,*,#1740,.T.);
#1742=CARTESIAN_POINT('',(-3.085,0.68,-3.085));
#1743=VERTEX_POINT('',#1742);
#1744=CARTESIAN_POINT('',(-3.085,0.68,-3.085));
#1745=DIRECTION('',(-0.,-1.,-0.));
#1746=VECTOR('',#1745,0.2);
#1747=LINE('',#1744,#1746);
#1748=EDGE_CURVE('NONE',#1743,#1735,#1747,.T.);
#1749=ORIENTED_EDGE('',*,*,#1748,.F.);
#1750=CARTESIAN_POINT('',(3.085,0.68,-3.085));
#1751=VERTEX_POINT('',#1750);
#1752=CARTESIAN_POINT('',(3.085,0.68,-3.085));
#1753=DIRECTION('',(-1.,-0.,0.));
#1754=VECTOR('',#1753,6.17);
#1755=LINE('',#1752,#1754);
#1756=EDGE_CURVE('NONE',#1751,#1743,#1755,.T.);
#1757=ORIENTED_EDGE('',*,*,#1756,.F.);
#1758=CARTESIAN_POINT('',(3.085,0.68,-3.085));
#1759=DIRECTION('',(-0.,-1.,-0.));
#1760=VECTOR('',#1759,0.2);
#1761=LINE('',#1758,#1760);
#1762=EDGE_CURVE('NONE',#1751,#1733,#1761,.T.);
#1763=ORIENTED_EDGE('',*,*,#1762,.T.);
#1764=EDGE_LOOP('',(#1741,#1749,#1757,#1763));
#1765=FACE_BOUND('',#1764,.T.);
#1766=ADVANCED_FACE('NONE',(#1765),#1731,.F.);
#1767=CARTESIAN_POINT('',(-3.085,0.68,-3.085));
#1768=DIRECTION('',(1.,0.,0.));
#1769=DIRECTION('',(0.,0.,-1.));
#1770=AXIS2_PLACEMENT_3D('',#1767,#1768,#1769);
#1771=PLANE('',#1770);
#1772=CARTESIAN_POINT('',(-3.085,0.48,3.085));
#1773=VERTEX_POINT('',#1772);
#1774=CARTESIAN_POINT('',(-3.085,0.48,-3.085));
#1775=DIRECTION('',(-0.,-0.,1.));
#1776=VECTOR('',#1775,6.17);
#1777=LINE('',#1774,#1776);
#1778=EDGE_CURVE('NONE',#1735,#1773,#1777,.T.);
#1779=ORIENTED_EDGE('',*,*,#1778,.T.);
#1780=CARTESIAN_POINT('',(-3.085,0.68,3.085));
#1781=VERTEX_POINT('',#1780);
#1782=CARTESIAN_POINT('',(-3.085,0.68,3.085));
#1783=DIRECTION('',(-0.,-1.,-0.));
#1784=VECTOR('',#1783,0.2);
#1785=LINE('',#1782,#1784);
#1786=EDGE_CURVE('NONE',#1781,#1773,#1785,.T.);
#1787=ORIENTED_EDGE('',*,*,#1786,.F.);
#1788=CARTESIAN_POINT('',(-3.085,0.68,-3.085));
#1789=DIRECTION('',(0.,0.,1.));
#1790=VECTOR('',#1789,6.17);
#1791=LINE('',#1788,#1790);
#1792=EDGE_CURVE('NONE',#1743,#1781,#1791,.T.);
#1793=ORIENTED_EDGE('',*,*,#1792,.F.);
#1794=ORIENTED_EDGE('',*,*,#1748,.T.);
#1795=EDGE_LOOP('',(#1779,#1787,#1793,#1794));
#1796=FACE_BOUND('',#1795,.T.);
#1797=ADVANCED_FACE('NONE',(#1796),#1771,.F.);
#1798=CARTESIAN_POINT('',(-3.085,0.68,3.085));
#1799=DIRECTION('',(-0.,0.,-1.));
#1800=DIRECTION('',(-1.,0.,0.));
#1801=AXIS2_PLACEMENT_3D('',#1798,#1799,#1800);
#1802=PLANE('',#1801);
#1803=CARTESIAN_POINT('',(3.085,0.48,3.085));
#1804=VERTEX_POINT('',#1803);
#1805=CARTESIAN_POINT('',(-3.085,0.48,3.085));
#1806=DIRECTION('',(1.,-0.,-0.));
#1807=VECTOR('',#1806,6.17);
#1808=LINE('',#1805,#1807);
#1809=EDGE_CURVE('NONE',#1773,#1804,#1808,.T.);
#1810=ORIENTED_EDGE('',*,*,#1809,.T.);
#1811=CARTESIAN_POINT('',(3.085,0.68,3.085));
#1812=VERTEX_POINT('',#1811);
#1813=CARTESIAN_POINT('',(3.085,0.68,3.085));
#1814=DIRECTION('',(-0.,-1.,-0.));
#1815=VECTOR('',#1814,0.2);
#1816=LINE('',#1813,#1815);
#1817=EDGE_CURVE('NONE',#1812,#1804,#1816,.T.);
#1818=ORIENTED_EDGE('',*,*,#1817,.F.);
#1819=CARTESIAN_POINT('',(-3.085,0.68,3.085));
#1820=DIRECTION('',(1.,0.,-0.));
#1821=VECTOR('',#1820,6.17);
#1822=LINE('',#1819,#1821);
#1823=EDGE_CURVE('NONE',#1781,#1812,#1822,.T.);
#1824=ORIENTED_EDGE('',*,*,#1823,.F.);
#1825=ORIENTED_EDGE('',*,*,#1786,.T.);
#1826=EDGE_LOOP('',(#1810,#1818,#1824,#1825));
#1827=FACE_BOUND('',#1826,.T.);
#1828=ADVANCED_FACE('NONE',(#1827),#1802,.F.);
#1829=CARTESIAN_POINT('',(3.085,0.68,3.085));
#1830=DIRECTION('',(-1.,0.,0.));
#1831=DIRECTION('',(0.,0.,1.));
#1832=AXIS2_PLACEMENT_3D('',#1829,#1830,#1831);
#1833=PLANE('',#1832);
#1834=CARTESIAN_POINT('',(3.085,0.48,3.085));
#1835=DIRECTION('',(-0.,-0.,-1.));
#1836=VECTOR('',#1835,6.17);
#1837=LINE('',#1834,#1836);
#1838=EDGE_CURVE('NONE',#1804,#1733,#1837,.T.);
#1839=ORIENTED_EDGE('',*,*,#1838,.T.);
#1840=ORIENTED_EDGE('',*,*,#1762,.F.);
#1841=CARTESIAN_POINT('',(3.085,0.68,3.085));
#1842=DIRECTION('',(-0.,-0.,-1.));
#1843=VECTOR('',#1842,6.17);
#1844=LINE('',#1841,#1843);
#1845=EDGE_CURVE('NONE',#1812,#1751,#1844,.T.);
#1846=ORIENTED_EDGE('',*,*,#1845,.F.);
#1847=ORIENTED_EDGE('',*,*,#1817,.T.);
#1848=EDGE_LOOP('',(#1839,#1840,#1846,#1847));
#1849=FACE_BOUND('',#1848,.T.);
#1850=ADVANCED_FACE('NONE',(#1849),#1833,.F.);
#1851=CARTESIAN_POINT('',(0.,0.68,0.));
#1852=DIRECTION('',(0.,1.,0.));
#1853=DIRECTION('',(0.,0.,1.));
#1854=AXIS2_PLACEMENT_3D('',#1851,#1852,#1853);
#1855=PLANE('',#1854);
#1856=CARTESIAN_POINT('',(-2.78,0.68,-3.));
#1857=VERTEX_POINT('',#1856);
#1858=CARTESIAN_POINT('',(-2.78,0.68,-2.78));
#1859=VERTEX_POINT('',#1858);
#1860=CARTESIAN_POINT('',(-2.78,0.68,-3.));
#1861=DIRECTION('',(0.,0.,1.));
#1862=VECTOR('',#1861,0.22);
#1863=LINE('',#1860,#1862);
#1864=EDGE_CURVE('NONE',#1857,#1859,#1863,.T.);
#1865=ORIENTED_EDGE('',*,*,#1864,.F.);
#1866=CARTESIAN_POINT('',(2.78,0.68,-3.));
#1867=VERTEX_POINT('',#1866);
#1868=CARTESIAN_POINT('',(2.78,0.68,-3.));
#1869=DIRECTION('',(-1.,0.,0.));
#1870=VECTOR('',#1869,5.56);
#1871=LINE('',#1868,#1870);
#1872=EDGE_CURVE('NONE',#1867,#1857,#1871,.T.);
#1873=ORIENTED_EDGE('',*,*,#1872,.F.);
#1874=CARTESIAN_POINT('',(2.78,0.68,-2.78));
#1875=VERTEX_POINT('',#1874);
#1876=CARTESIAN_POINT('',(2.78,0.68,-2.78));
#1877=DIRECTION('',(0.,0.,-1.));
#1878=VECTOR('',#1877,0.22);
#1879=LINE('',#1876,#1878);
#1880=EDGE_CURVE('NONE',#1875,#1867,#1879,.T.);
#1881=ORIENTED_EDGE('',*,*,#1880,.F.);
#1882=CARTESIAN_POINT('',(3.,0.68,-2.78));
#1883=VERTEX_POINT('',#1882);
#1884=CARTESIAN_POINT('',(3.,0.68,-2.78));
#1885=DIRECTION('',(-1.,0.,-0.));
#1886=VECTOR('',#1885,0.22);
#1887=LINE('',#1884,#1886);
#1888=EDGE_CURVE('NONE',#1883,#1875,#1887,.T.);
#1889=ORIENTED_EDGE('',*,*,#1888,.F.);
#1890=CARTESIAN_POINT('',(3.,0.68,2.78));
#1891=VERTEX_POINT('',#1890);
#1892=CARTESIAN_POINT('',(3.,0.68,2.78));
#1893=DIRECTION('',(-0.,0.,-1.));
#1894=VECTOR('',#1893,5.56);
#1895=LINE('',#1892,#1894);
#1896=EDGE_CURVE('NONE',#1891,#1883,#1895,.T.);
#1897=ORIENTED_EDGE('',*,*,#1896,.F.);
#1898=CARTESIAN_POINT('',(2.78,0.68,2.78));
#1899=VERTEX_POINT('',#1898);
#1900=CARTESIAN_POINT('',(2.78,0.68,2.78));
#1901=DIRECTION('',(1.,0.,-0.));
#1902=VECTOR('',#1901,0.22);
#1903=LINE('',#1900,#1902);
#1904=EDGE_CURVE('NONE',#1899,#1891,#1903,.T.);
#1905=ORIENTED_EDGE('',*,*,#1904,.F.);
#1906=CARTESIAN_POINT('',(2.78,0.68,3.));
#1907=VERTEX_POINT('',#1906);
#1908=CARTESIAN_POINT('',(2.78,0.68,3.));
#1909=DIRECTION('',(0.,0.,-1.));
#1910=VECTOR('',#1909,0.22);
#1911=LINE('',#1908,#1910);
#1912=EDGE_CURVE('NONE',#1907,#1899,#1911,.T.);
#1913=ORIENTED_EDGE('',*,*,#1912,.F.);
#1914=CARTESIAN_POINT('',(-2.78,0.68,3.));
#1915=VERTEX_POINT('',#1914);
#1916=CARTESIAN_POINT('',(-2.78,0.68,3.));
#1917=DIRECTION('',(1.,0.,-0.));
#1918=VECTOR('',#1917,5.56);
#1919=LINE('',#1916,#1918);
#1920=EDGE_CURVE('NONE',#1915,#1907,#1919,.T.);
#1921=ORIENTED_EDGE('',*,*,#1920,.F.);
#1922=CARTESIAN_POINT('',(-2.78,0.68,2.78));
#1923=VERTEX_POINT('',#1922);
#1924=CARTESIAN_POINT('',(-2.78,0.68,2.78));
#1925=DIRECTION('',(0.,0.,1.));
#1926=VECTOR('',#1925,0.22);
#1927=LINE('',#1924,#1926);
#1928=EDGE_CURVE('NONE',#1923,#1915,#1927,.T.);
#1929=ORIENTED_EDGE('',*,*,#1928,.F.);
#1930=CARTESIAN_POINT('',(-3.,0.68,2.78));
#1931=VERTEX_POINT('',#1930);
#1932=CARTESIAN_POINT('',(-3.,0.68,2.78));
#1933=DIRECTION('',(1.,0.,0.));
#1934=VECTOR('',#1933,0.22);
#1935=LINE('',#1932,#1934);
#1936=EDGE_CURVE('NONE',#1931,#1923,#1935,.T.);
#1937=ORIENTED_EDGE('',*,*,#1936,.F.);
#1938=CARTESIAN_POINT('',(-3.,0.68,-2.78));
#1939=VERTEX_POINT('',#1938);
#1940=CARTESIAN_POINT('',(-3.,0.68,-2.78));
#1941=DIRECTION('',(0.,0.,1.));
#1942=VECTOR('',#1941,5.56);
#1943=LINE('',#1940,#1942);
#1944=EDGE_CURVE('NONE',#1939,#1931,#1943,.T.);
#1945=ORIENTED_EDGE('',*,*,#1944,.F.);
#1946=CARTESIAN_POINT('',(-2.78,0.68,-2.78));
#1947=DIRECTION('',(-1.,0.,-0.));
#1948=VECTOR('',#1947,0.22);
#1949=LINE('',#1946,#1948);
#1950=EDGE_CURVE('NONE',#1859,#1939,#1949,.T.);
#1951=ORIENTED_EDGE('',*,*,#1950,.F.);
#1952=EDGE_LOOP('',(#1865,#1873,#1881,#1889,#1897,#1905,#1913,#1921,#1929,#1937,#1945,#1951));
#1953=FACE_BOUND('',#1952,.T.);
#1954=CARTESIAN_POINT('',(-2.95,0.68,2.95));
#1955=VERTEX_POINT('',#1954);
#1956=CARTESIAN_POINT('',(-2.85,0.68,2.95));
#1957=VERTEX_POINT('',#1956);
#1958=CARTESIAN_POINT('',(-2.95,0.68,2.95));
#1959=DIRECTION('',(1.,0.,-0.));
#1960=VECTOR('',#1959,0.1);
#1961=LINE('',#1958,#1960);
#1962=EDGE_CURVE('NONE',#1955,#1957,#1961,.T.);
#1963=ORIENTED_EDGE('',*,*,#1962,.F.);
#1964=CARTESIAN_POINT('',(-2.95,0.68,2.85));
#1965=VERTEX_POINT('',#1964);
#1966=CARTESIAN_POINT('',(-2.95,0.68,2.85));
#1967=DIRECTION('',(0.,0.,1.));
#1968=VECTOR('',#1967,0.1);
#1969=LINE('',#1966,#1968);
#1970=EDGE_CURVE('NONE',#1965,#1955,#1969,.T.);
#1971=ORIENTED_EDGE('',*,*,#1970,.F.);
#1972=CARTESIAN_POINT('',(-2.85,0.68,2.85));
#1973=VERTEX_POINT('',#1972);
#1974=CARTESIAN_POINT('',(-2.85,0.68,2.85));
#1975=DIRECTION('',(-1.,0.,0.));
#1976=VECTOR('',#1975,0.1);
#1977=LINE('',#1974,#1976);
#1978=EDGE_CURVE('NONE',#1973,#1965,#1977,.T.);
#1979=ORIENTED_EDGE('',*,*,#1978,.F.);
#1980=CARTESIAN_POINT('',(-2.85,0.68,2.95));
#1981=DIRECTION('',(0.,0.,-1.));
#1982=VECTOR('',#1981,0.1);
#1983=LINE('',#1980,#1982);
#1984=EDGE_CURVE('NONE',#1957,#1973,#1983,.T.);
#1985=ORIENTED_EDGE('',*,*,#1984,.F.);
#1986=EDGE_LOOP('',(#1963,#1971,#1979,#1985));
#1987=FACE_BOUND('',#1986,.T.);
#1988=CARTESIAN_POINT('',(-2.95,0.68,-2.95));
#1989=VERTEX_POINT('',#1988);
#1990=CARTESIAN_POINT('',(-2.95,0.68,-2.85));
#1991=VERTEX_POINT('',#1990);
#1992=CARTESIAN_POINT('',(-2.95,0.68,-2.95));
#1993=DIRECTION('',(0.,0.,1.));
#1994=VECTOR('',#1993,0.1);
#1995=LINE('',#1992,#1994);
#1996=EDGE_CURVE('NONE',#1989,#1991,#1995,.T.);
#1997=ORIENTED_EDGE('',*,*,#1996,.F.);
#1998=CARTESIAN_POINT('',(-2.85,0.68,-2.95));
#1999=VERTEX_POINT('',#1998);
#2000=CARTESIAN_POINT('',(-2.85,0.68,-2.95));
#2001=DIRECTION('',(-1.,0.,0.));
#2002=VECTOR('',#2001,0.1);
#2003=LINE('',#2000,#2002);
#2004=EDGE_CURVE('NONE',#1999,#1989,#2003,.T.);
#2005=ORIENTED_EDGE('',*,*,#2004,.F.);
#2006=CARTESIAN_POINT('',(-2.85,0.68,-2.85));
#2007=VERTEX_POINT('',#2006);
#2008=CARTESIAN_POINT('',(-2.85,0.68,-2.85));
#2009=DIRECTION('',(0.,0.,-1.));
#2010=VECTOR('',#2009,0.1);
#2011=LINE('',#2008,#2010);
#2012=EDGE_CURVE('NONE',#2007,#1999,#2011,.T.);
#2013=ORIENTED_EDGE('',*,*,#2012,.F.);
#2014=CARTESIAN_POINT('',(-2.95,0.68,-2.85));
#2015=DIRECTION('',(1.,0.,0.));
#2016=VECTOR('',#2015,0.1);
#2017=LINE('',#2014,#2016);
#2018=EDGE_CURVE('NONE',#1991,#2007,#2017,.T.);
#2019=ORIENTED_EDGE('',*,*,#2018,.F.);
#2020=EDGE_LOOP('',(#1997,#2005,#2013,#2019));
#2021=FACE_BOUND('',#2020,.T.);
#2022=CARTESIAN_POINT('',(2.95,0.68,2.95));
#2023=VERTEX_POINT('',#2022);
#2024=CARTESIAN_POINT('',(2.95,0.68,2.85));
#2025=VERTEX_POINT('',#2024);
#2026=CARTESIAN_POINT('',(2.95,0.68,2.95));
#2027=DIRECTION('',(0.,0.,-1.));
#2028=VECTOR('',#2027,0.1);
#2029=LINE('',#2026,#2028);
#2030=EDGE_CURVE('NONE',#2023,#2025,#2029,.T.);
#2031=ORIENTED_EDGE('',*,*,#2030,.F.);
#2032=CARTESIAN_POINT('',(2.85,0.68,2.95));
#2033=VERTEX_POINT('',#2032);
#2034=CARTESIAN_POINT('',(2.85,0.68,2.95));
#2035=DIRECTION('',(1.,0.,-0.));
#2036=VECTOR('',#2035,0.1);
#2037=LINE('',#2034,#2036);
#2038=EDGE_CURVE('NONE',#2033,#2023,#2037,.T.);
#2039=ORIENTED_EDGE('',*,*,#2038,.F.);
#2040=CARTESIAN_POINT('',(2.85,0.68,2.85));
#2041=VERTEX_POINT('',#2040);
#2042=CARTESIAN_POINT('',(2.85,0.68,2.85));
#2043=DIRECTION('',(0.,0.,1.));
#2044=VECTOR('',#2043,0.1);
#2045=LINE('',#2042,#2044);
#2046=EDGE_CURVE('NONE',#2041,#2033,#2045,.T.);
#2047=ORIENTED_EDGE('',*,*,#2046,.F.);
#2048=CARTESIAN_POINT('',(2.95,0.68,2.85));
#2049=DIRECTION('',(-1.,0.,0.));
#2050=VECTOR('',#2049,0.1);
#2051=LINE('',#2048,#2050);
#2052=EDGE_CURVE('NONE',#2025,#2041,#2051,.T.);
#2053=ORIENTED_EDGE('',*,*,#2052,.F.);
#2054=EDGE_LOOP('',(#2031,#2039,#2047,#2053));
#2055=FACE_BOUND('',#2054,.T.);
#2056=CARTESIAN_POINT('',(2.95,0.68,-2.95));
#2057=VERTEX_POINT('',#2056);
#2058=CARTESIAN_POINT('',(2.85,0.68,-2.95));
#2059=VERTEX_POINT('',#2058);
#2060=CARTESIAN_POINT('',(2.95,0.68,-2.95));
#2061=DIRECTION('',(-1.,0.,0.));
#2062=VECTOR('',#2061,0.1);
#2063=LINE('',#2060,#2062);
#2064=EDGE_CURVE('NONE',#2057,#2059,#2063,.T.);
#2065=ORIENTED_EDGE('',*,*,#2064,.F.);
#2066=CARTESIAN_POINT('',(2.95,0.68,-2.85));
#2067=VERTEX_POINT('',#2066);
#2068=CARTESIAN_POINT('',(2.95,0.68,-2.85));
#2069=DIRECTION('',(0.,0.,-1.));
#2070=VECTOR('',#2069,0.1);
#2071=LINE('',#2068,#2070);
#2072=EDGE_CURVE('NONE',#2067,#2057,#2071,.T.);
#2073=ORIENTED_EDGE('',*,*,#2072,.F.);
#2074=CARTESIAN_POINT('',(2.85,0.68,-2.85));
#2075=VERTEX_POINT('',#2074);
#2076=CARTESIAN_POINT('',(2.85,0.68,-2.85));
#2077=DIRECTION('',(1.,0.,-0.));
#2078=VECTOR('',#2077,0.1);
#2079=LINE('',#2076,#2078);
#2080=EDGE_CURVE('NONE',#2075,#2067,#2079,.T.);
#2081=ORIENTED_EDGE('',*,*,#2080,.F.);
#2082=CARTESIAN_POINT('',(2.85,0.68,-2.95));
#2083=DIRECTION('',(0.,0.,1.));
#2084=VECTOR('',#2083,0.1);
#2085=LINE('',#2082,#2084);
#2086=EDGE_CURVE('NONE',#2059,#2075,#2085,.T.);
#2087=ORIENTED_EDGE('',*,*,#2086,.F.);
#2088=EDGE_LOOP('',(#2065,#2073,#2081,#2087));
#2089=FACE_BOUND('',#2088,.T.);
#2090=ORIENTED_EDGE('',*,*,#1756,.T.);
#2091=ORIENTED_EDGE('',*,*,#1792,.T.);
#2092=ORIENTED_EDGE('',*,*,#1823,.T.);
#2093=ORIENTED_EDGE('',*,*,#1845,.T.);
#2094=EDGE_LOOP('',(#2090,#2091,#2092,#2093));
#2095=FACE_BOUND('',#2094,.T.);
#2096=ADVANCED_FACE('NONE',(#1953,#1987,#2021,#2055,#2089,#2095),#1855,.T.);
#2097=CARTESIAN_POINT('',(0.,0.48,0.));
#2098=DIRECTION('',(0.,1.,0.));
#2099=DIRECTION('',(0.,0.,1.));
#2100=AXIS2_PLACEMENT_3D('',#2097,#2098,#2099);
#2101=PLANE('',#2100);
#2102=ORIENTED_EDGE('',*,*,#1740,.F.);
#2103=ORIENTED_EDGE('',*,*,#1838,.F.);
#2104=ORIENTED_EDGE('',*,*,#1809,.F.);
#2105=ORIENTED_EDGE('',*,*,#1778,.F.);
#2106=EDGE_LOOP('',(#2102,#2103,#2104,#2105));
#2107=FACE_BOUND('',#2106,.T.);
#2108=ADVANCED_FACE('NONE',(#2107),#2101,.F.);
#2109=CARTESIAN_POINT('',(2.95,0.58,-2.95));
#2110=DIRECTION('',(0.,0.,-1.));
#2111=DIRECTION('',(-1.,0.,0.));
#2112=AXIS2_PLACEMENT_3D('',#2109,#2110,#2111);
#2113=PLANE('',#2112);
#2114=ORIENTED_EDGE('',*,*,#2064,.T.);
#2115=CARTESIAN_POINT('',(2.85,0.58,-2.95));
#2116=VERTEX_POINT('',#2115);
#2117=CARTESIAN_POINT('',(2.85,0.58,-2.95));
#2118=DIRECTION('',(0.,1.,0.));
#2119=VECTOR('',#2118,0.1);
#2120=LINE('',#2117,#2119);
#2121=EDGE_CURVE('NONE',#2116,#2059,#2120,.T.);
#2122=ORIENTED_EDGE('',*,*,#2121,.F.);
#2123=CARTESIAN_POINT('',(2.95,0.58,-2.95));
#2124=VERTEX_POINT('',#2123);
#2125=CARTESIAN_POINT('',(2.95,0.58,-2.95));
#2126=DIRECTION('',(-1.,-0.,0.));
#2127=VECTOR('',#2126,0.1);
#2128=LINE('',#2125,#2127);
#2129=EDGE_CURVE('NONE',#2124,#2116,#2128,.T.);
#2130=ORIENTED_EDGE('',*,*,#2129,.F.);
#2131=CARTESIAN_POINT('',(2.95,0.58,-2.95));
#2132=DIRECTION('',(0.,1.,0.));
#2133=VECTOR('',#2132,0.1);
#2134=LINE('',#2131,#2133);
#2135=EDGE_CURVE('NONE',#2124,#2057,#2134,.T.);
#2136=ORIENTED_EDGE('',*,*,#2135,.T.);
#2137=EDGE_LOOP('',(#2114,#2122,#2130,#2136));
#2138=FACE_BOUND('',#2137,.T.);
#2139=ADVANCED_FACE('NONE',(#2138),#2113,.F.);
#2140=CARTESIAN_POINT('',(2.95,0.58,-2.95));
#2141=DIRECTION('',(1.,0.,0.));
#2142=DIRECTION('',(0.,0.,-1.));
#2143=AXIS2_PLACEMENT_3D('',#2140,#2141,#2142);
#2144=PLANE('',#2143);
#2145=ORIENTED_EDGE('',*,*,#2072,.T.);
#2146=ORIENTED_EDGE('',*,*,#2135,.F.);
#2147=CARTESIAN_POINT('',(2.95,0.58,-2.85));
#2148=VERTEX_POINT('',#2147);
#2149=CARTESIAN_POINT('',(2.95,0.58,-2.85));
#2150=DIRECTION('',(-0.,-0.,-1.));
#2151=VECTOR('',#2150,0.1);
#2152=LINE('',#2149,#2151);
#2153=EDGE_CURVE('NONE',#2148,#2124,#2152,.T.);
#2154=ORIENTED_EDGE('',*,*,#2153,.F.);
#2155=CARTESIAN_POINT('',(2.95,0.58,-2.85));
#2156=DIRECTION('',(0.,1.,0.));
#2157=VECTOR('',#2156,0.1);
#2158=LINE('',#2155,#2157);
#2159=EDGE_CURVE('NONE',#2148,#2067,#2158,.T.);
#2160=ORIENTED_EDGE('',*,*,#2159,.T.);
#2161=EDGE_LOOP('',(#2145,#2146,#2154,#2160));
#2162=FACE_BOUND('',#2161,.T.);
#2163=ADVANCED_FACE('NONE',(#2162),#2144,.F.);
#2164=CARTESIAN_POINT('',(2.95,0.58,-2.85));
#2165=DIRECTION('',(0.,0.,1.));
#2166=DIRECTION('',(1.,0.,0.));
#2167=AXIS2_PLACEMENT_3D('',#2164,#2165,#2166);
#2168=PLANE('',#2167);
#2169=ORIENTED_EDGE('',*,*,#2080,.T.);
#2170=ORIENTED_EDGE('',*,*,#2159,.F.);
#2171=CARTESIAN_POINT('',(2.85,0.58,-2.85));
#2172=VERTEX_POINT('',#2171);
#2173=CARTESIAN_POINT('',(2.85,0.58,-2.85));
#2174=DIRECTION('',(1.,0.,-0.));
#2175=VECTOR('',#2174,0.1);
#2176=LINE('',#2173,#2175);
#2177=EDGE_CURVE('NONE',#2172,#2148,#2176,.T.);
#2178=ORIENTED_EDGE('',*,*,#2177,.F.);
#2179=CARTESIAN_POINT('',(2.85,0.58,-2.85));
#2180=DIRECTION('',(0.,1.,0.));
#2181=VECTOR('',#2180,0.1);
#2182=LINE('',#2179,#2181);
#2183=EDGE_CURVE('NONE',#2172,#2075,#2182,.T.);
#2184=ORIENTED_EDGE('',*,*,#2183,.T.);
#2185=EDGE_LOOP('',(#2169,#2170,#2178,#2184));
#2186=FACE_BOUND('',#2185,.T.);
#2187=ADVANCED_FACE('NONE',(#2186),#2168,.F.);
#2188=CARTESIAN_POINT('',(2.85,0.58,-2.95));
#2189=DIRECTION('',(-1.,0.,0.));
#2190=DIRECTION('',(0.,0.,1.));
#2191=AXIS2_PLACEMENT_3D('',#2188,#2189,#2190);
#2192=PLANE('',#2191);
#2193=ORIENTED_EDGE('',*,*,#2086,.T.);
#2194=ORIENTED_EDGE('',*,*,#2183,.F.);
#2195=CARTESIAN_POINT('',(2.85,0.58,-2.95));
#2196=DIRECTION('',(0.,0.,1.));
#2197=VECTOR('',#2196,0.1);
#2198=LINE('',#2195,#2197);
#2199=EDGE_CURVE('NONE',#2116,#2172,#2198,.T.);
#2200=ORIENTED_EDGE('',*,*,#2199,.F.);
#2201=ORIENTED_EDGE('',*,*,#2121,.T.);
#2202=EDGE_LOOP('',(#2193,#2194,#2200,#2201));
#2203=FACE_BOUND('',#2202,.T.);
#2204=ADVANCED_FACE('NONE',(#2203),#2192,.F.);
#2205=CARTESIAN_POINT('',(0.,0.58,0.));
#2206=DIRECTION('',(0.,1.,0.));
#2207=DIRECTION('',(0.,0.,1.));
#2208=AXIS2_PLACEMENT_3D('',#2205,#2206,#2207);
#2209=PLANE('',#2208);
#2210=ORIENTED_EDGE('',*,*,#2129,.T.);
#2211=ORIENTED_EDGE('',*,*,#2199,.T.);
#2212=ORIENTED_EDGE('',*,*,#2177,.T.);
#2213=ORIENTED_EDGE('',*,*,#2153,.T.);
#2214=EDGE_LOOP('',(#2210,#2211,#2212,#2213));
#2215=FACE_BOUND('',#2214,.T.);
#2216=ADVANCED_FACE('NONE',(#2215),#2209,.T.);
#2217=CARTESIAN_POINT('',(2.95,0.58,2.95));
#2218=DIRECTION('',(1.,0.,0.));
#2219=DIRECTION('',(0.,0.,-1.));
#2220=AXIS2_PLACEMENT_3D('',#2217,#2218,#2219);
#2221=PLANE('',#2220);
#2222=ORIENTED_EDGE('',*,*,#2030,.T.);
#2223=CARTESIAN_POINT('',(2.95,0.58,2.85));
#2224=VERTEX_POINT('',#2223);
#2225=CARTESIAN_POINT('',(2.95,0.58,2.85));
#2226=DIRECTION('',(0.,1.,0.));
#2227=VECTOR('',#2226,0.1);
#2228=LINE('',#2225,#2227);
#2229=EDGE_CURVE('NONE',#2224,#2025,#2228,.T.);
#2230=ORIENTED_EDGE('',*,*,#2229,.F.);
#2231=CARTESIAN_POINT('',(2.95,0.58,2.95));
#2232=VERTEX_POINT('',#2231);
#2233=CARTESIAN_POINT('',(2.95,0.58,2.95));
#2234=DIRECTION('',(-0.,-0.,-1.));
#2235=VECTOR('',#2234,0.1);
#2236=LINE('',#2233,#2235);
#2237=EDGE_CURVE('NONE',#2232,#2224,#2236,.T.);
#2238=ORIENTED_EDGE('',*,*,#2237,.F.);
#2239=CARTESIAN_POINT('',(2.95,0.58,2.95));
#2240=DIRECTION('',(0.,1.,0.));
#2241=VECTOR('',#2240,0.1);
#2242=LINE('',#2239,#2241);
#2243=EDGE_CURVE('NONE',#2232,#2023,#2242,.T.);
#2244=ORIENTED_EDGE('',*,*,#2243,.T.);
#2245=EDGE_LOOP('',(#2222,#2230,#2238,#2244));
#2246=FACE_BOUND('',#2245,.T.);
#2247=ADVANCED_FACE('NONE',(#2246),#2221,.F.);
#2248=CARTESIAN_POINT('',(2.95,0.58,2.95));
#2249=DIRECTION('',(0.,0.,1.));
#2250=DIRECTION('',(1.,0.,0.));
#2251=AXIS2_PLACEMENT_3D('',#2248,#2249,#2250);
#2252=PLANE('',#2251);
#2253=ORIENTED_EDGE('',*,*,#2038,.T.);
#2254=ORIENTED_EDGE('',*,*,#2243,.F.);
#2255=CARTESIAN_POINT('',(2.85,0.58,2.95));
#2256=VERTEX_POINT('',#2255);
#2257=CARTESIAN_POINT('',(2.85,0.58,2.95));
#2258=DIRECTION('',(1.,0.,-0.));
#2259=VECTOR('',#2258,0.1);
#2260=LINE('',#2257,#2259);
#2261=EDGE_CURVE('NONE',#2256,#2232,#2260,.T.);
#2262=ORIENTED_EDGE('',*,*,#2261,.F.);
#2263=CARTESIAN_POINT('',(2.85,0.58,2.95));
#2264=DIRECTION('',(0.,1.,0.));
#2265=VECTOR('',#2264,0.1);
#2266=LINE('',#2263,#2265);
#2267=EDGE_CURVE('NONE',#2256,#2033,#2266,.T.);
#2268=ORIENTED_EDGE('',*,*,#2267,.T.);
#2269=EDGE_LOOP('',(#2253,#2254,#2262,#2268));
#2270=FACE_BOUND('',#2269,.T.);
#2271=ADVANCED_FACE('NONE',(#2270),#2252,.F.);
#2272=CARTESIAN_POINT('',(2.85,0.58,2.95));
#2273=DIRECTION('',(-1.,0.,0.));
#2274=DIRECTION('',(0.,0.,1.));
#2275=AXIS2_PLACEMENT_3D('',#2272,#2273,#2274);
#2276=PLANE('',#2275);
#2277=ORIENTED_EDGE('',*,*,#2046,.T.);
#2278=ORIENTED_EDGE('',*,*,#2267,.F.);
#2279=CARTESIAN_POINT('',(2.85,0.58,2.85));
#2280=VERTEX_POINT('',#2279);
#2281=CARTESIAN_POINT('',(2.85,0.58,2.85));
#2282=DIRECTION('',(0.,0.,1.));
#2283=VECTOR('',#2282,0.1);
#2284=LINE('',#2281,#2283);
#2285=EDGE_CURVE('NONE',#2280,#2256,#2284,.T.);
#2286=ORIENTED_EDGE('',*,*,#2285,.F.);
#2287=CARTESIAN_POINT('',(2.85,0.58,2.85));
#2288=DIRECTION('',(0.,1.,0.));
#2289=VECTOR('',#2288,0.1);
#2290=LINE('',#2287,#2289);
#2291=EDGE_CURVE('NONE',#2280,#2041,#2290,.T.);
#2292=ORIENTED_EDGE('',*,*,#2291,.T.);
#2293=EDGE_LOOP('',(#2277,#2278,#2286,#2292));
#2294=FACE_BOUND('',#2293,.T.);
#2295=ADVANCED_FACE('NONE',(#2294),#2276,.F.);
#2296=CARTESIAN_POINT('',(2.95,0.58,2.85));
#2297=DIRECTION('',(0.,0.,-1.));
#2298=DIRECTION('',(-1.,0.,0.));
#2299=AXIS2_PLACEMENT_3D('',#2296,#2297,#2298);
#2300=PLANE('',#2299);
#2301=ORIENTED_EDGE('',*,*,#2052,.T.);
#2302=ORIENTED_EDGE('',*,*,#2291,.F.);
#2303=CARTESIAN_POINT('',(2.95,0.58,2.85));
#2304=DIRECTION('',(-1.,-0.,0.));
#2305=VECTOR('',#2304,0.1);
#2306=LINE('',#2303,#2305);
#2307=EDGE_CURVE('NONE',#2224,#2280,#2306,.T.);
#2308=ORIENTED_EDGE('',*,*,#2307,.F.);
#2309=ORIENTED_EDGE('',*,*,#2229,.T.);
#2310=EDGE_LOOP('',(#2301,#2302,#2308,#2309));
#2311=FACE_BOUND('',#2310,.T.);
#2312=ADVANCED_FACE('NONE',(#2311),#2300,.F.);
#2313=CARTESIAN_POINT('',(0.,0.58,0.));
#2314=DIRECTION('',(0.,1.,0.));
#2315=DIRECTION('',(0.,0.,1.));
#2316=AXIS2_PLACEMENT_3D('',#2313,#2314,#2315);
#2317=PLANE('',#2316);
#2318=ORIENTED_EDGE('',*,*,#2237,.T.);
#2319=ORIENTED_EDGE('',*,*,#2307,.T.);
#2320=ORIENTED_EDGE('',*,*,#2285,.T.);
#2321=ORIENTED_EDGE('',*,*,#2261,.T.);
#2322=EDGE_LOOP('',(#2318,#2319,#2320,#2321));
#2323=FACE_BOUND('',#2322,.T.);
#2324=ADVANCED_FACE('NONE',(#2323),#2317,.T.);
#2325=CARTESIAN_POINT('',(-2.95,0.58,-2.95));
#2326=DIRECTION('',(-1.,0.,0.));
#2327=DIRECTION('',(0.,0.,1.));
#2328=AXIS2_PLACEMENT_3D('',#2325,#2326,#2327);
#2329=PLANE('',#2328);
#2330=ORIENTED_EDGE('',*,*,#1996,.T.);
#2331=CARTESIAN_POINT('',(-2.95,0.58,-2.85));
#2332=VERTEX_POINT('',#2331);
#2333=CARTESIAN_POINT('',(-2.95,0.58,-2.85));
#2334=DIRECTION('',(0.,1.,0.));
#2335=VECTOR('',#2334,0.1);
#2336=LINE('',#2333,#2335);
#2337=EDGE_CURVE('NONE',#2332,#1991,#2336,.T.);
#2338=ORIENTED_EDGE('',*,*,#2337,.F.);
#2339=CARTESIAN_POINT('',(-2.95,0.58,-2.95));
#2340=VERTEX_POINT('',#2339);
#2341=CARTESIAN_POINT('',(-2.95,0.58,-2.95));
#2342=DIRECTION('',(0.,0.,1.));
#2343=VECTOR('',#2342,0.1);
#2344=LINE('',#2341,#2343);
#2345=EDGE_CURVE('NONE',#2340,#2332,#2344,.T.);
#2346=ORIENTED_EDGE('',*,*,#2345,.F.);
#2347=CARTESIAN_POINT('',(-2.95,0.58,-2.95));
#2348=DIRECTION('',(0.,1.,0.));
#2349=VECTOR('',#2348,0.1);
#2350=LINE('',#2347,#2349);
#2351=EDGE_CURVE('NONE',#2340,#1989,#2350,.T.);
#2352=ORIENTED_EDGE('',*,*,#2351,.T.);
#2353=EDGE_LOOP('',(#2330,#2338,#2346,#2352));
#2354=FACE_BOUND('',#2353,.T.);
#2355=ADVANCED_FACE('NONE',(#2354),#2329,.F.);
#2356=CARTESIAN_POINT('',(-2.95,0.58,-2.95));
#2357=DIRECTION('',(0.,0.,-1.));
#2358=DIRECTION('',(-1.,0.,0.));
#2359=AXIS2_PLACEMENT_3D('',#2356,#2357,#2358);
#2360=PLANE('',#2359);
#2361=ORIENTED_EDGE('',*,*,#2004,.T.);
#2362=ORIENTED_EDGE('',*,*,#2351,.F.);
#2363=CARTESIAN_POINT('',(-2.85,0.58,-2.95));
#2364=VERTEX_POINT('',#2363);
#2365=CARTESIAN_POINT('',(-2.85,0.58,-2.95));
#2366=DIRECTION('',(-1.,-0.,0.));
#2367=VECTOR('',#2366,0.1);
#2368=LINE('',#2365,#2367);
#2369=EDGE_CURVE('NONE',#2364,#2340,#2368,.T.);
#2370=ORIENTED_EDGE('',*,*,#2369,.F.);
#2371=CARTESIAN_POINT('',(-2.85,0.58,-2.95));
#2372=DIRECTION('',(0.,1.,0.));
#2373=VECTOR('',#2372,0.1);
#2374=LINE('',#2371,#2373);
#2375=EDGE_CURVE('NONE',#2364,#1999,#2374,.T.);
#2376=ORIENTED_EDGE('',*,*,#2375,.T.);
#2377=EDGE_LOOP('',(#2361,#2362,#2370,#2376));
#2378=FACE_BOUND('',#2377,.T.);
#2379=ADVANCED_FACE('NONE',(#2378),#2360,.F.);
#2380=CARTESIAN_POINT('',(-2.85,0.58,-2.95));
#2381=DIRECTION('',(1.,0.,0.));
#2382=DIRECTION('',(0.,0.,-1.));
#2383=AXIS2_PLACEMENT_3D('',#2380,#2381,#2382);
#2384=PLANE('',#2383);
#2385=ORIENTED_EDGE('',*,*,#2012,.T.);
#2386=ORIENTED_EDGE('',*,*,#2375,.F.);
#2387=CARTESIAN_POINT('',(-2.85,0.58,-2.85));
#2388=VERTEX_POINT('',#2387);
#2389=CARTESIAN_POINT('',(-2.85,0.58,-2.85));
#2390=DIRECTION('',(-0.,-0.,-1.));
#2391=VECTOR('',#2390,0.1);
#2392=LINE('',#2389,#2391);
#2393=EDGE_CURVE('NONE',#2388,#2364,#2392,.T.);
#2394=ORIENTED_EDGE('',*,*,#2393,.F.);
#2395=CARTESIAN_POINT('',(-2.85,0.58,-2.85));
#2396=DIRECTION('',(0.,1.,0.));
#2397=VECTOR('',#2396,0.1);
#2398=LINE('',#2395,#2397);
#2399=EDGE_CURVE('NONE',#2388,#2007,#2398,.T.);
#2400=ORIENTED_EDGE('',*,*,#2399,.T.);
#2401=EDGE_LOOP('',(#2385,#2386,#2394,#2400));
#2402=FACE_BOUND('',#2401,.T.);
#2403=ADVANCED_FACE('NONE',(#2402),#2384,.F.);
#2404=CARTESIAN_POINT('',(-2.95,0.58,-2.85));
#2405=DIRECTION('',(-0.,0.,1.));
#2406=DIRECTION('',(1.,0.,0.));
#2407=AXIS2_PLACEMENT_3D('',#2404,#2405,#2406);
#2408=PLANE('',#2407);
#2409=ORIENTED_EDGE('',*,*,#2018,.T.);
#2410=ORIENTED_EDGE('',*,*,#2399,.F.);
#2411=CARTESIAN_POINT('',(-2.95,0.58,-2.85));
#2412=DIRECTION('',(1.,0.,-0.));
#2413=VECTOR('',#2412,0.1);
#2414=LINE('',#2411,#2413);
#2415=EDGE_CURVE('NONE',#2332,#2388,#2414,.T.);
#2416=ORIENTED_EDGE('',*,*,#2415,.F.);
#2417=ORIENTED_EDGE('',*,*,#2337,.T.);
#2418=EDGE_LOOP('',(#2409,#2410,#2416,#2417));
#2419=FACE_BOUND('',#2418,.T.);
#2420=ADVANCED_FACE('NONE',(#2419),#2408,.F.);
#2421=CARTESIAN_POINT('',(0.,0.58,0.));
#2422=DIRECTION('',(0.,1.,0.));
#2423=DIRECTION('',(0.,0.,1.));
#2424=AXIS2_PLACEMENT_3D('',#2421,#2422,#2423);
#2425=PLANE('',#2424);
#2426=ORIENTED_EDGE('',*,*,#2345,.T.);
#2427=ORIENTED_EDGE('',*,*,#2415,.T.);
#2428=ORIENTED_EDGE('',*,*,#2393,.T.);
#2429=ORIENTED_EDGE('',*,*,#2369,.T.);
#2430=EDGE_LOOP('',(#2426,#2427,#2428,#2429));
#2431=FACE_BOUND('',#2430,.T.);
#2432=ADVANCED_FACE('NONE',(#2431),#2425,.T.);
#2433=CARTESIAN_POINT('',(-2.95,0.58,2.95));
#2434=DIRECTION('',(0.,0.,1.));
#2435=DIRECTION('',(1.,0.,0.));
#2436=AXIS2_PLACEMENT_3D('',#2433,#2434,#2435);
#2437=PLANE('',#2436);
#2438=ORIENTED_EDGE('',*,*,#1962,.T.);
#2439=CARTESIAN_POINT('',(-2.85,0.58,2.95));
#2440=VERTEX_POINT('',#2439);
#2441=CARTESIAN_POINT('',(-2.85,0.58,2.95));
#2442=DIRECTION('',(0.,1.,0.));
#2443=VECTOR('',#2442,0.1);
#2444=LINE('',#2441,#2443);
#2445=EDGE_CURVE('NONE',#2440,#1957,#2444,.T.);
#2446=ORIENTED_EDGE('',*,*,#2445,.F.);
#2447=CARTESIAN_POINT('',(-2.95,0.58,2.95));
#2448=VERTEX_POINT('',#2447);
#2449=CARTESIAN_POINT('',(-2.95,0.58,2.95));
#2450=DIRECTION('',(1.,0.,-0.));
#2451=VECTOR('',#2450,0.1);
#2452=LINE('',#2449,#2451);
#2453=EDGE_CURVE('NONE',#2448,#2440,#2452,.T.);
#2454=ORIENTED_EDGE('',*,*,#2453,.F.);
#2455=CARTESIAN_POINT('',(-2.95,0.58,2.95));
#2456=DIRECTION('',(0.,1.,0.));
#2457=VECTOR('',#2456,0.1);
#2458=LINE('',#2455,#2457);
#2459=EDGE_CURVE('NONE',#2448,#1955,#2458,.T.);
#2460=ORIENTED_EDGE('',*,*,#2459,.T.);
#2461=EDGE_LOOP('',(#2438,#2446,#2454,#2460));
#2462=FACE_BOUND('',#2461,.T.);
#2463=ADVANCED_FACE('NONE',(#2462),#2437,.F.);
#2464=CARTESIAN_POINT('',(-2.95,0.58,2.95));
#2465=DIRECTION('',(-1.,0.,0.));
#2466=DIRECTION('',(0.,0.,1.));
#2467=AXIS2_PLACEMENT_3D('',#2464,#2465,#2466);
#2468=PLANE('',#2467);
#2469=ORIENTED_EDGE('',*,*,#1970,.T.);
#2470=ORIENTED_EDGE('',*,*,#2459,.F.);
#2471=CARTESIAN_POINT('',(-2.95,0.58,2.85));
#2472=VERTEX_POINT('',#2471);
#2473=CARTESIAN_POINT('',(-2.95,0.58,2.85));
#2474=DIRECTION('',(0.,0.,1.));
#2475=VECTOR('',#2474,0.1);
#2476=LINE('',#2473,#2475);
#2477=EDGE_CURVE('NONE',#2472,#2448,#2476,.T.);
#2478=ORIENTED_EDGE('',*,*,#2477,.F.);
#2479=CARTESIAN_POINT('',(-2.95,0.58,2.85));
#2480=DIRECTION('',(0.,1.,0.));
#2481=VECTOR('',#2480,0.1);
#2482=LINE('',#2479,#2481);
#2483=EDGE_CURVE('NONE',#2472,#1965,#2482,.T.);
#2484=ORIENTED_EDGE('',*,*,#2483,.T.);
#2485=EDGE_LOOP('',(#2469,#2470,#2478,#2484));
#2486=FACE_BOUND('',#2485,.T.);
#2487=ADVANCED_FACE('NONE',(#2486),#2468,.F.);
#2488=CARTESIAN_POINT('',(-2.95,0.58,2.85));
#2489=DIRECTION('',(0.,0.,-1.));
#2490=DIRECTION('',(-1.,0.,0.));
#2491=AXIS2_PLACEMENT_3D('',#2488,#2489,#2490);
#2492=PLANE('',#2491);
#2493=ORIENTED_EDGE('',*,*,#1978,.T.);
#2494=ORIENTED_EDGE('',*,*,#2483,.F.);
#2495=CARTESIAN_POINT('',(-2.85,0.58,2.85));
#2496=VERTEX_POINT('',#2495);
#2497=CARTESIAN_POINT('',(-2.85,0.58,2.85));
#2498=DIRECTION('',(-1.,-0.,0.));
#2499=VECTOR('',#2498,0.1);
#2500=LINE('',#2497,#2499);
#2501=EDGE_CURVE('NONE',#2496,#2472,#2500,.T.);
#2502=ORIENTED_EDGE('',*,*,#2501,.F.);
#2503=CARTESIAN_POINT('',(-2.85,0.58,2.85));
#2504=DIRECTION('',(0.,1.,0.));
#2505=VECTOR('',#2504,0.1);
#2506=LINE('',#2503,#2505);
#2507=EDGE_CURVE('NONE',#2496,#1973,#2506,.T.);
#2508=ORIENTED_EDGE('',*,*,#2507,.T.);
#2509=EDGE_LOOP('',(#2493,#2494,#2502,#2508));
#2510=FACE_BOUND('',#2509,.T.);
#2511=ADVANCED_FACE('NONE',(#2510),#2492,.F.);
#2512=CARTESIAN_POINT('',(-2.85,0.58,2.95));
#2513=DIRECTION('',(1.,0.,0.));
#2514=DIRECTION('',(0.,0.,-1.));
#2515=AXIS2_PLACEMENT_3D('',#2512,#2513,#2514);
#2516=PLANE('',#2515);
#2517=ORIENTED_EDGE('',*,*,#1984,.T.);
#2518=ORIENTED_EDGE('',*,*,#2507,.F.);
#2519=CARTESIAN_POINT('',(-2.85,0.58,2.95));
#2520=DIRECTION('',(-0.,-0.,-1.));
#2521=VECTOR('',#2520,0.1);
#2522=LINE('',#2519,#2521);
#2523=EDGE_CURVE('NONE',#2440,#2496,#2522,.T.);
#2524=ORIENTED_EDGE('',*,*,#2523,.F.);
#2525=ORIENTED_EDGE('',*,*,#2445,.T.);
#2526=EDGE_LOOP('',(#2517,#2518,#2524,#2525));
#2527=FACE_BOUND('',#2526,.T.);
#2528=ADVANCED_FACE('NONE',(#2527),#2516,.F.);
#2529=CARTESIAN_POINT('',(0.,0.58,0.));
#2530=DIRECTION('',(0.,1.,0.));
#2531=DIRECTION('',(0.,0.,1.));
#2532=AXIS2_PLACEMENT_3D('',#2529,#2530,#2531);
#2533=PLANE('',#2532);
#2534=ORIENTED_EDGE('',*,*,#2453,.T.);
#2535=ORIENTED_EDGE('',*,*,#2523,.T.);
#2536=ORIENTED_EDGE('',*,*,#2501,.T.);
#2537=ORIENTED_EDGE('',*,*,#2477,.T.);
#2538=EDGE_LOOP('',(#2534,#2535,#2536,#2537));
#2539=FACE_BOUND('',#2538,.T.);
#2540=ADVANCED_FACE('NONE',(#2539),#2533,.T.);
#2541=CARTESIAN_POINT('',(-2.78,0.58,-3.));
#2542=DIRECTION('',(-1.,0.,0.));
#2543=DIRECTION('',(0.,0.,1.));
#2544=AXIS2_PLACEMENT_3D('',#2541,#2542,#2543);
#2545=PLANE('',#2544);
#2546=ORIENTED_EDGE('',*,*,#1864,.T.);
#2547=CARTESIAN_POINT('',(-2.78,0.58,-2.78));
#2548=VERTEX_POINT('',#2547);
#2549=CARTESIAN_POINT('',(-2.78,0.58,-2.78));
#2550=DIRECTION('',(0.,1.,0.));
#2551=VECTOR('',#2550,0.1);
#2552=LINE('',#2549,#2551);
#2553=EDGE_CURVE('NONE',#2548,#1859,#2552,.T.);
#2554=ORIENTED_EDGE('',*,*,#2553,.F.);
#2555=CARTESIAN_POINT('',(-2.78,0.58,-3.));
#2556=VERTEX_POINT('',#2555);
#2557=CARTESIAN_POINT('',(-2.78,0.58,-3.));
#2558=DIRECTION('',(-0.,-0.,1.));
#2559=VECTOR('',#2558,0.22);
#2560=LINE('',#2557,#2559);
#2561=EDGE_CURVE('NONE',#2556,#2548,#2560,.T.);
#2562=ORIENTED_EDGE('',*,*,#2561,.F.);
#2563=CARTESIAN_POINT('',(-2.78,0.58,-3.));
#2564=DIRECTION('',(0.,1.,0.));
#2565=VECTOR('',#2564,0.1);
#2566=LINE('',#2563,#2565);
#2567=EDGE_CURVE('NONE',#2556,#1857,#2566,.T.);
#2568=ORIENTED_EDGE('',*,*,#2567,.T.);
#2569=EDGE_LOOP('',(#2546,#2554,#2562,#2568));
#2570=FACE_BOUND('',#2569,.T.);
#2571=ADVANCED_FACE('NONE',(#2570),#2545,.F.);
#2572=CARTESIAN_POINT('',(2.78,0.58,-3.));
#2573=DIRECTION('',(0.,0.,-1.));
#2574=DIRECTION('',(-1.,0.,0.));
#2575=AXIS2_PLACEMENT_3D('',#2572,#2573,#2574);
#2576=PLANE('',#2575);
#2577=ORIENTED_EDGE('',*,*,#1872,.T.);
#2578=ORIENTED_EDGE('',*,*,#2567,.F.);
#2579=CARTESIAN_POINT('',(2.78,0.58,-3.));
#2580=VERTEX_POINT('',#2579);
#2581=CARTESIAN_POINT('',(2.78,0.58,-3.));
#2582=DIRECTION('',(-1.,-0.,0.));
#2583=VECTOR('',#2582,5.56);
#2584=LINE('',#2581,#2583);
#2585=EDGE_CURVE('NONE',#2580,#2556,#2584,.T.);
#2586=ORIENTED_EDGE('',*,*,#2585,.F.);
#2587=CARTESIAN_POINT('',(2.78,0.58,-3.));
#2588=DIRECTION('',(0.,1.,0.));
#2589=VECTOR('',#2588,0.1);
#2590=LINE('',#2587,#2589);
#2591=EDGE_CURVE('NONE',#2580,#1867,#2590,.T.);
#2592=ORIENTED_EDGE('',*,*,#2591,.T.);
#2593=EDGE_LOOP('',(#2577,#2578,#2586,#2592));
#2594=FACE_BOUND('',#2593,.T.);
#2595=ADVANCED_FACE('NONE',(#2594),#2576,.F.);
#2596=CARTESIAN_POINT('',(2.78,0.58,-3.));
#2597=DIRECTION('',(1.,0.,0.));
#2598=DIRECTION('',(0.,0.,-1.));
#2599=AXIS2_PLACEMENT_3D('',#2596,#2597,#2598);
#2600=PLANE('',#2599);
#2601=ORIENTED_EDGE('',*,*,#1880,.T.);
#2602=ORIENTED_EDGE('',*,*,#2591,.F.);
#2603=CARTESIAN_POINT('',(2.78,0.58,-2.78));
#2604=VERTEX_POINT('',#2603);
#2605=CARTESIAN_POINT('',(2.78,0.58,-2.78));
#2606=DIRECTION('',(0.,0.,-1.));
#2607=VECTOR('',#2606,0.22);
#2608=LINE('',#2605,#2607);
#2609=EDGE_CURVE('NONE',#2604,#2580,#2608,.T.);
#2610=ORIENTED_EDGE('',*,*,#2609,.F.);
#2611=CARTESIAN_POINT('',(2.78,0.58,-2.78));
#2612=DIRECTION('',(0.,1.,0.));
#2613=VECTOR('',#2612,0.1);
#2614=LINE('',#2611,#2613);
#2615=EDGE_CURVE('NONE',#2604,#1875,#2614,.T.);
#2616=ORIENTED_EDGE('',*,*,#2615,.T.);
#2617=EDGE_LOOP('',(#2601,#2602,#2610,#2616));
#2618=FACE_BOUND('',#2617,.T.);
#2619=ADVANCED_FACE('NONE',(#2618),#2600,.F.);
#2620=CARTESIAN_POINT('',(2.78,0.58,-2.78));
#2621=DIRECTION('',(0.,0.,-1.));
#2622=DIRECTION('',(-1.,0.,-0.));
#2623=AXIS2_PLACEMENT_3D('',#2620,#2621,#2622);
#2624=PLANE('',#2623);
#2625=ORIENTED_EDGE('',*,*,#1888,.T.);
#2626=ORIENTED_EDGE('',*,*,#2615,.F.);
#2627=CARTESIAN_POINT('',(3.,0.58,-2.78));
#2628=VERTEX_POINT('',#2627);
#2629=CARTESIAN_POINT('',(3.,0.58,-2.78));
#2630=DIRECTION('',(-1.,-0.,0.));
#2631=VECTOR('',#2630,0.22);
#2632=LINE('',#2629,#2631);
#2633=EDGE_CURVE('NONE',#2628,#2604,#2632,.T.);
#2634=ORIENTED_EDGE('',*,*,#2633,.F.);
#2635=CARTESIAN_POINT('',(3.,0.58,-2.78));
#2636=DIRECTION('',(0.,1.,0.));
#2637=VECTOR('',#2636,0.1);
#2638=LINE('',#2635,#2637);
#2639=EDGE_CURVE('NONE',#2628,#1883,#2638,.T.);
#2640=ORIENTED_EDGE('',*,*,#2639,.T.);
#2641=EDGE_LOOP('',(#2625,#2626,#2634,#2640));
#2642=FACE_BOUND('',#2641,.T.);
#2643=ADVANCED_FACE('NONE',(#2642),#2624,.F.);
#2644=CARTESIAN_POINT('',(3.,0.58,-2.78));
#2645=DIRECTION('',(1.,0.,-0.));
#2646=DIRECTION('',(-0.,0.,-1.));
#2647=AXIS2_PLACEMENT_3D('',#2644,#2645,#2646);
#2648=PLANE('',#2647);
#2649=ORIENTED_EDGE('',*,*,#1896,.T.);
#2650=ORIENTED_EDGE('',*,*,#2639,.F.);
#2651=CARTESIAN_POINT('',(3.,0.58,2.78));
#2652=VERTEX_POINT('',#2651);
#2653=CARTESIAN_POINT('',(3.,0.58,2.78));
#2654=DIRECTION('',(0.,0.,-1.));
#2655=VECTOR('',#2654,5.56);
#2656=LINE('',#2653,#2655);
#2657=EDGE_CURVE('NONE',#2652,#2628,#2656,.T.);
#2658=ORIENTED_EDGE('',*,*,#2657,.F.);
#2659=CARTESIAN_POINT('',(3.,0.58,2.78));
#2660=DIRECTION('',(0.,1.,0.));
#2661=VECTOR('',#2660,0.1);
#2662=LINE('',#2659,#2661);
#2663=EDGE_CURVE('NONE',#2652,#1891,#2662,.T.);
#2664=ORIENTED_EDGE('',*,*,#2663,.T.);
#2665=EDGE_LOOP('',(#2649,#2650,#2658,#2664));
#2666=FACE_BOUND('',#2665,.T.);
#2667=ADVANCED_FACE('NONE',(#2666),#2648,.F.);
#2668=CARTESIAN_POINT('',(2.78,0.58,2.78));
#2669=DIRECTION('',(0.,0.,1.));
#2670=DIRECTION('',(1.,0.,-0.));
#2671=AXIS2_PLACEMENT_3D('',#2668,#2669,#2670);
#2672=PLANE('',#2671);
#2673=ORIENTED_EDGE('',*,*,#1904,.T.);
#2674=ORIENTED_EDGE('',*,*,#2663,.F.);
#2675=CARTESIAN_POINT('',(2.78,0.58,2.78));
#2676=VERTEX_POINT('',#2675);
#2677=CARTESIAN_POINT('',(2.78,0.58,2.78));
#2678=DIRECTION('',(1.,0.,-0.));
#2679=VECTOR('',#2678,0.22);
#2680=LINE('',#2677,#2679);
#2681=EDGE_CURVE('NONE',#2676,#2652,#2680,.T.);
#2682=ORIENTED_EDGE('',*,*,#2681,.F.);
#2683=CARTESIAN_POINT('',(2.78,0.58,2.78));
#2684=DIRECTION('',(0.,1.,0.));
#2685=VECTOR('',#2684,0.1);
#2686=LINE('',#2683,#2685);
#2687=EDGE_CURVE('NONE',#2676,#1899,#2686,.T.);
#2688=ORIENTED_EDGE('',*,*,#2687,.T.);
#2689=EDGE_LOOP('',(#2673,#2674,#2682,#2688));
#2690=FACE_BOUND('',#2689,.T.);
#2691=ADVANCED_FACE('NONE',(#2690),#2672,.F.);
#2692=CARTESIAN_POINT('',(2.78,0.58,3.));
#2693=DIRECTION('',(1.,0.,0.));
#2694=DIRECTION('',(0.,0.,-1.));
#2695=AXIS2_PLACEMENT_3D('',#2692,#2693,#2694);
#2696=PLANE('',#2695);
#2697=ORIENTED_EDGE('',*,*,#1912,.T.);
#2698=ORIENTED_EDGE('',*,*,#2687,.F.);
#2699=CARTESIAN_POINT('',(2.78,0.58,3.));
#2700=VERTEX_POINT('',#2699);
#2701=CARTESIAN_POINT('',(2.78,0.58,3.));
#2702=DIRECTION('',(0.,0.,-1.));
#2703=VECTOR('',#2702,0.22);
#2704=LINE('',#2701,#2703);
#2705=EDGE_CURVE('NONE',#2700,#2676,#2704,.T.);
#2706=ORIENTED_EDGE('',*,*,#2705,.F.);
#2707=CARTESIAN_POINT('',(2.78,0.58,3.));
#2708=DIRECTION('',(0.,1.,0.));
#2709=VECTOR('',#2708,0.1);
#2710=LINE('',#2707,#2709);
#2711=EDGE_CURVE('NONE',#2700,#1907,#2710,.T.);
#2712=ORIENTED_EDGE('',*,*,#2711,.T.);
#2713=EDGE_LOOP('',(#2697,#2698,#2706,#2712));
#2714=FACE_BOUND('',#2713,.T.);
#2715=ADVANCED_FACE('NONE',(#2714),#2696,.F.);
#2716=CARTESIAN_POINT('',(2.78,0.58,3.));
#2717=DIRECTION('',(0.,0.,1.));
#2718=DIRECTION('',(1.,0.,-0.));
#2719=AXIS2_PLACEMENT_3D('',#2716,#2717,#2718);
#2720=PLANE('',#2719);
#2721=ORIENTED_EDGE('',*,*,#1920,.T.);
#2722=ORIENTED_EDGE('',*,*,#2711,.F.);
#2723=CARTESIAN_POINT('',(-2.78,0.58,3.));
#2724=VERTEX_POINT('',#2723);
#2725=CARTESIAN_POINT('',(-2.78,0.58,3.));
#2726=DIRECTION('',(1.,0.,-0.));
#2727=VECTOR('',#2726,5.56);
#2728=LINE('',#2725,#2727);
#2729=EDGE_CURVE('NONE',#2724,#2700,#2728,.T.);
#2730=ORIENTED_EDGE('',*,*,#2729,.F.);
#2731=CARTESIAN_POINT('',(-2.78,0.58,3.));
#2732=DIRECTION('',(0.,1.,0.));
#2733=VECTOR('',#2732,0.1);
#2734=LINE('',#2731,#2733);
#2735=EDGE_CURVE('NONE',#2724,#1915,#2734,.T.);
#2736=ORIENTED_EDGE('',*,*,#2735,.T.);
#2737=EDGE_LOOP('',(#2721,#2722,#2730,#2736));
#2738=FACE_BOUND('',#2737,.T.);
#2739=ADVANCED_FACE('NONE',(#2738),#2720,.F.);
#2740=CARTESIAN_POINT('',(-2.78,0.58,3.));
#2741=DIRECTION('',(-1.,0.,0.));
#2742=DIRECTION('',(0.,0.,1.));
#2743=AXIS2_PLACEMENT_3D('',#2740,#2741,#2742);
#2744=PLANE('',#2743);
#2745=ORIENTED_EDGE('',*,*,#1928,.T.);
#2746=ORIENTED_EDGE('',*,*,#2735,.F.);
#2747=CARTESIAN_POINT('',(-2.78,0.58,2.78));
#2748=VERTEX_POINT('',#2747);
#2749=CARTESIAN_POINT('',(-2.78,0.58,2.78));
#2750=DIRECTION('',(-0.,-0.,1.));
#2751=VECTOR('',#2750,0.22);
#2752=LINE('',#2749,#2751);
#2753=EDGE_CURVE('NONE',#2748,#2724,#2752,.T.);
#2754=ORIENTED_EDGE('',*,*,#2753,.F.);
#2755=CARTESIAN_POINT('',(-2.78,0.58,2.78));
#2756=DIRECTION('',(0.,1.,0.));
#2757=VECTOR('',#2756,0.1);
#2758=LINE('',#2755,#2757);
#2759=EDGE_CURVE('NONE',#2748,#1923,#2758,.T.);
#2760=ORIENTED_EDGE('',*,*,#2759,.T.);
#2761=EDGE_LOOP('',(#2745,#2746,#2754,#2760));
#2762=FACE_BOUND('',#2761,.T.);
#2763=ADVANCED_FACE('NONE',(#2762),#2744,.F.);
#2764=CARTESIAN_POINT('',(-2.78,0.58,2.78));
#2765=DIRECTION('',(-0.,0.,1.));
#2766=DIRECTION('',(1.,0.,0.));
#2767=AXIS2_PLACEMENT_3D('',#2764,#2765,#2766);
#2768=PLANE('',#2767);
#2769=ORIENTED_EDGE('',*,*,#1936,.T.);
#2770=ORIENTED_EDGE('',*,*,#2759,.F.);
#2771=CARTESIAN_POINT('',(-3.,0.58,2.78));
#2772=VERTEX_POINT('',#2771);
#2773=CARTESIAN_POINT('',(-3.,0.58,2.78));
#2774=DIRECTION('',(1.,0.,-0.));
#2775=VECTOR('',#2774,0.22);
#2776=LINE('',#2773,#2775);
#2777=EDGE_CURVE('NONE',#2772,#2748,#2776,.T.);
#2778=ORIENTED_EDGE('',*,*,#2777,.F.);
#2779=CARTESIAN_POINT('',(-3.,0.58,2.78));
#2780=DIRECTION('',(0.,1.,0.));
#2781=VECTOR('',#2780,0.1);
#2782=LINE('',#2779,#2781);
#2783=EDGE_CURVE('NONE',#2772,#1931,#2782,.T.);
#2784=ORIENTED_EDGE('',*,*,#2783,.T.);
#2785=EDGE_LOOP('',(#2769,#2770,#2778,#2784));
#2786=FACE_BOUND('',#2785,.T.);
#2787=ADVANCED_FACE('NONE',(#2786),#2768,.F.);
#2788=CARTESIAN_POINT('',(-3.,0.58,-2.78));
#2789=DIRECTION('',(-1.,0.,0.));
#2790=DIRECTION('',(0.,0.,1.));
#2791=AXIS2_PLACEMENT_3D('',#2788,#2789,#2790);
#2792=PLANE('',#2791);
#2793=ORIENTED_EDGE('',*,*,#1944,.T.);
#2794=ORIENTED_EDGE('',*,*,#2783,.F.);
#2795=CARTESIAN_POINT('',(-3.,0.58,-2.78));
#2796=VERTEX_POINT('',#2795);
#2797=CARTESIAN_POINT('',(-3.,0.58,-2.78));
#2798=DIRECTION('',(-0.,-0.,1.));
#2799=VECTOR('',#2798,5.56);
#2800=LINE('',#2797,#2799);
#2801=EDGE_CURVE('NONE',#2796,#2772,#2800,.T.);
#2802=ORIENTED_EDGE('',*,*,#2801,.F.);
#2803=CARTESIAN_POINT('',(-3.,0.58,-2.78));
#2804=DIRECTION('',(0.,1.,0.));
#2805=VECTOR('',#2804,0.1);
#2806=LINE('',#2803,#2805);
#2807=EDGE_CURVE('NONE',#2796,#1939,#2806,.T.);
#2808=ORIENTED_EDGE('',*,*,#2807,.T.);
#2809=EDGE_LOOP('',(#2793,#2794,#2802,#2808));
#2810=FACE_BOUND('',#2809,.T.);
#2811=ADVANCED_FACE('NONE',(#2810),#2792,.F.);
#2812=CARTESIAN_POINT('',(-2.78,0.58,-2.78));
#2813=DIRECTION('',(0.,0.,-1.));
#2814=DIRECTION('',(-1.,0.,-0.));
#2815=AXIS2_PLACEMENT_3D('',#2812,#2813,#2814);
#2816=PLANE('',#2815);
#2817=ORIENTED_EDGE('',*,*,#1950,.T.);
#2818=ORIENTED_EDGE('',*,*,#2807,.F.);
#2819=CARTESIAN_POINT('',(-2.78,0.58,-2.78));
#2820=DIRECTION('',(-1.,-0.,0.));
#2821=VECTOR('',#2820,0.22);
#2822=LINE('',#2819,#2821);
#2823=EDGE_CURVE('NONE',#2548,#2796,#2822,.T.);
#2824=ORIENTED_EDGE('',*,*,#2823,.F.);
#2825=ORIENTED_EDGE('',*,*,#2553,.T.);
#2826=EDGE_LOOP('',(#2817,#2818,#2824,#2825));
#2827=FACE_BOUND('',#2826,.T.);
#2828=ADVANCED_FACE('NONE',(#2827),#2816,.F.);
#2829=CARTESIAN_POINT('',(0.,0.58,0.));
#2830=DIRECTION('',(0.,-1.,0.));
#2831=DIRECTION('',(0.,0.,-1.));
#2832=AXIS2_PLACEMENT_3D('',#2829,#2830,#2831);
#2833=PLANE('',#2832);
#2834=ORIENTED_EDGE('',*,*,#2561,.T.);
#2835=ORIENTED_EDGE('',*,*,#2823,.T.);
#2836=ORIENTED_EDGE('',*,*,#2801,.T.);
#2837=ORIENTED_EDGE('',*,*,#2777,.T.);
#2838=ORIENTED_EDGE('',*,*,#2753,.T.);
#2839=ORIENTED_EDGE('',*,*,#2729,.T.);
#2840=ORIENTED_EDGE('',*,*,#2705,.T.);
#2841=ORIENTED_EDGE('',*,*,#2681,.T.);
#2842=ORIENTED_EDGE('',*,*,#2657,.T.);
#2843=ORIENTED_EDGE('',*,*,#2633,.T.);
#2844=ORIENTED_EDGE('',*,*,#2609,.T.);
#2845=ORIENTED_EDGE('',*,*,#2585,.T.);
#2846=EDGE_LOOP('',(#2834,#2835,#2836,#2837,#2838,#2839,#2840,#2841,#2842,#2843,#2844,#2845));
#2847=FACE_BOUND('',#2846,.T.);
#2848=ADVANCED_FACE('NONE',(#2847),#2833,.F.);
#2849=CLOSED_SHELL('',(#1766,#1797,#1828,#1850,#2096,#2108,#2139,#2163,#2187,#2204,#2216,#2247,#2271,#2295,#2312,#2324,#2355,#2379,#2403,#2420,#2432,#2463,#2487,#2511,#2528,#2540,
#2571,#2595,#2619,#2643,#2667,#2691,#2715,#2739,#2763,#2787,#2811,#2828,#2848));
#2850=MANIFOLD_SOLID_BREP('Cut-Extrude2',#2849);
#2851=COLOUR_RGB('',0.501960814,0.501960814,0.501960814);
#2852=FILL_AREA_STYLE_COLOUR('',#2851);
#2853=FILL_AREA_STYLE('',(#2852));
#2854=SURFACE_STYLE_FILL_AREA(#2853);
#2855=SURFACE_SIDE_STYLE('',(#2854));
#2856=SURFACE_STYLE_USAGE(.BOTH.,#2855);
#2857=PRESENTATION_STYLE_ASSIGNMENT((#2856));
#1726=STYLED_ITEM('',(#2857),#2850);
#2859=CARTESIAN_POINT('',(-2.95,0.68,-2.95));
#2860=DIRECTION('',(1.,0.,-0.));
#2861=DIRECTION('',(-0.,0.,-1.));
#2862=AXIS2_PLACEMENT_3D('',#2859,#2860,#2861);
#2863=PLANE('',#2862);
#2864=CARTESIAN_POINT('',(-2.95,0.58,-2.95));
#2865=VERTEX_POINT('',#2864);
#2866=CARTESIAN_POINT('',(-2.95,0.58,-2.85));
#2867=VERTEX_POINT('',#2866);
#2868=CARTESIAN_POINT('',(-2.95,0.58,-2.95));
#2869=DIRECTION('',(0.,-0.,1.));
#2870=VECTOR('',#2869,0.1);
#2871=LINE('',#2868,#2870);
#2872=EDGE_CURVE('NONE',#2865,#2867,#2871,.T.);
#2873=ORIENTED_EDGE('',*,*,#2872,.T.);
#2874=CARTESIAN_POINT('',(-2.95,0.68,-2.85));
#2875=VERTEX_POINT('',#2874);
#2876=CARTESIAN_POINT('',(-2.95,0.68,-2.85));
#2877=DIRECTION('',(-0.,-1.,-0.));
#2878=VECTOR('',#2877,0.1);
#2879=LINE('',#2876,#2878);
#2880=EDGE_CURVE('NONE',#2875,#2867,#2879,.T.);
#2881=ORIENTED_EDGE('',*,*,#2880,.F.);
#2882=CARTESIAN_POINT('',(-2.95,0.68,-2.95));
#2883=VERTEX_POINT('',#2882);
#2884=CARTESIAN_POINT('',(-2.95,0.68,-2.95));
#2885=DIRECTION('',(0.,0.,1.));
#2886=VECTOR('',#2885,0.1);
#2887=LINE('',#2884,#2886);
#2888=EDGE_CURVE('NONE',#2883,#2875,#2887,.T.);
#2889=ORIENTED_EDGE('',*,*,#2888,.F.);
#2890=CARTESIAN_POINT('',(-2.95,0.68,-2.95));
#2891=DIRECTION('',(-0.,-1.,-0.));
#2892=VECTOR('',#2891,0.1);
#2893=LINE('',#2890,#2892);
#2894=EDGE_CURVE('NONE',#2883,#2865,#2893,.T.);
#2895=ORIENTED_EDGE('',*,*,#2894,.T.);
#2896=EDGE_LOOP('',(#2873,#2881,#2889,#2895));
#2897=FACE_BOUND('',#2896,.T.);
#2898=ADVANCED_FACE('NONE',(#2897),#2863,.F.);
#2899=CARTESIAN_POINT('',(-2.95,0.68,-2.85));
#2900=DIRECTION('',(0.,0.,-1.));
#2901=DIRECTION('',(-1.,0.,-0.));
#2902=AXIS2_PLACEMENT_3D('',#2899,#2900,#2901);
#2903=PLANE('',#2902);
#2904=CARTESIAN_POINT('',(-2.85,0.58,-2.85));
#2905=VERTEX_POINT('',#2904);
#2906=CARTESIAN_POINT('',(-2.95,0.58,-2.85));
#2907=DIRECTION('',(1.,-0.,0.));
#2908=VECTOR('',#2907,0.1);
#2909=LINE('',#2906,#2908);
#2910=EDGE_CURVE('NONE',#2867,#2905,#2909,.T.);
#2911=ORIENTED_EDGE('',*,*,#2910,.T.);
#2912=CARTESIAN_POINT('',(-2.85,0.68,-2.85));
#2913=VERTEX_POINT('',#2912);
#2914=CARTESIAN_POINT('',(-2.85,0.68,-2.85));
#2915=DIRECTION('',(-0.,-1.,-0.));
#2916=VECTOR('',#2915,0.1);
#2917=LINE('',#2914,#2916);
#2918=EDGE_CURVE('NONE',#2913,#2905,#2917,.T.);
#2919=ORIENTED_EDGE('',*,*,#2918,.F.);
#2920=CARTESIAN_POINT('',(-2.95,0.68,-2.85));
#2921=DIRECTION('',(1.,0.,-0.));
#2922=VECTOR('',#2921,0.1);
#2923=LINE('',#2920,#2922);
#2924=EDGE_CURVE('NONE',#2875,#2913,#2923,.T.);
#2925=ORIENTED_EDGE('',*,*,#2924,.F.);
#2926=ORIENTED_EDGE('',*,*,#2880,.T.);
#2927=EDGE_LOOP('',(#2911,#2919,#2925,#2926));
#2928=FACE_BOUND('',#2927,.T.);
#2929=ADVANCED_FACE('NONE',(#2928),#2903,.F.);
#2930=CARTESIAN_POINT('',(-2.85,0.68,-2.85));
#2931=DIRECTION('',(-1.,0.,0.));
#2932=DIRECTION('',(0.,0.,1.));
#2933=AXIS2_PLACEMENT_3D('',#2930,#2931,#2932);
#2934=PLANE('',#2933);
#2935=CARTESIAN_POINT('',(-2.85,0.58,-2.95));
#2936=VERTEX_POINT('',#2935);
#2937=CARTESIAN_POINT('',(-2.85,0.58,-2.85));
#2938=DIRECTION('',(-0.,-0.,-1.));
#2939=VECTOR('',#2938,0.1);
#2940=LINE('',#2937,#2939);
#2941=EDGE_CURVE('NONE',#2905,#2936,#2940,.T.);
#2942=ORIENTED_EDGE('',*,*,#2941,.T.);
#2943=CARTESIAN_POINT('',(-2.85,0.68,-2.95));
#2944=VERTEX_POINT('',#2943);
#2945=CARTESIAN_POINT('',(-2.85,0.68,-2.95));
#2946=DIRECTION('',(-0.,-1.,-0.));
#2947=VECTOR('',#2946,0.1);
#2948=LINE('',#2945,#2947);
#2949=EDGE_CURVE('NONE',#2944,#2936,#2948,.T.);
#2950=ORIENTED_EDGE('',*,*,#2949,.F.);
#2951=CARTESIAN_POINT('',(-2.85,0.68,-2.85));
#2952=DIRECTION('',(-0.,-0.,-1.));
#2953=VECTOR('',#2952,0.1);
#2954=LINE('',#2951,#2953);
#2955=EDGE_CURVE('NONE',#2913,#2944,#2954,.T.);
#2956=ORIENTED_EDGE('',*,*,#2955,.F.);
#2957=ORIENTED_EDGE('',*,*,#2918,.T.);
#2958=EDGE_LOOP('',(#2942,#2950,#2956,#2957));
#2959=FACE_BOUND('',#2958,.T.);
#2960=ADVANCED_FACE('NONE',(#2959),#2934,.F.);
#2961=CARTESIAN_POINT('',(-2.85,0.68,-2.95));
#2962=DIRECTION('',(0.,0.,1.));
#2963=DIRECTION('',(1.,0.,0.));
#2964=AXIS2_PLACEMENT_3D('',#2961,#2962,#2963);
#2965=PLANE('',#2964);
#2966=CARTESIAN_POINT('',(-2.85,0.58,-2.95));
#2967=DIRECTION('',(-1.,-0.,0.));
#2968=VECTOR('',#2967,0.1);
#2969=LINE('',#2966,#2968);
#2970=EDGE_CURVE('NONE',#2936,#2865,#2969,.T.);
#2971=ORIENTED_EDGE('',*,*,#2970,.T.);
#2972=ORIENTED_EDGE('',*,*,#2894,.F.);
#2973=CARTESIAN_POINT('',(-2.85,0.68,-2.95));
#2974=DIRECTION('',(-1.,-0.,0.));
#2975=VECTOR('',#2974,0.1);
#2976=LINE('',#2973,#2975);
#2977=EDGE_CURVE('NONE',#2944,#2883,#2976,.T.);
#2978=ORIENTED_EDGE('',*,*,#2977,.F.);
#2979=ORIENTED_EDGE('',*,*,#2949,.T.);
#2980=EDGE_LOOP('',(#2971,#2972,#2978,#2979));
#2981=FACE_BOUND('',#2980,.T.);
#2982=ADVANCED_FACE('NONE',(#2981),#2965,.F.);
#2983=CARTESIAN_POINT('',(0.,0.68,0.));
#2984=DIRECTION('',(0.,1.,0.));
#2985=DIRECTION('',(0.,0.,1.));
#2986=AXIS2_PLACEMENT_3D('',#2983,#2984,#2985);
#2987=PLANE('',#2986);
#2988=ORIENTED_EDGE('',*,*,#2888,.T.);
#2989=ORIENTED_EDGE('',*,*,#2924,.T.);
#2990=ORIENTED_EDGE('',*,*,#2955,.T.);
#2991=ORIENTED_EDGE('',*,*,#2977,.T.);
#2992=EDGE_LOOP('',(#2988,#2989,#2990,#2991));
#2993=FACE_BOUND('',#2992,.T.);
#2994=ADVANCED_FACE('NONE',(#2993),#2987,.T.);
#2995=CARTESIAN_POINT('',(0.,0.58,0.));
#2996=DIRECTION('',(0.,1.,0.));
#2997=DIRECTION('',(0.,0.,1.));
#2998=AXIS2_PLACEMENT_3D('',#2995,#2996,#2997);
#2999=PLANE('',#2998);
#3000=ORIENTED_EDGE('',*,*,#2872,.F.);
#3001=ORIENTED_EDGE('',*,*,#2970,.F.);
#3002=ORIENTED_EDGE('',*,*,#2941,.F.);
#3003=ORIENTED_EDGE('',*,*,#2910,.F.);
#3004=EDGE_LOOP('',(#3000,#3001,#3002,#3003));
#3005=FACE_BOUND('',#3004,.T.);
#3006=ADVANCED_FACE('NONE',(#3005),#2999,.F.);
#3007=CLOSED_SHELL('',(#2898,#2929,#2960,#2982,#2994,#3006));
#3008=MANIFOLD_SOLID_BREP('Boss-Extrude4[1]',#3007);
#3009=COLOUR_RGB('',0.250980407,0.250980407,0.250980407);
#3010=FILL_AREA_STYLE_COLOUR('',#3009);
#3011=FILL_AREA_STYLE('',(#3010));
#3012=SURFACE_STYLE_FILL_AREA(#3011);
#3013=SURFACE_SIDE_STYLE('',(#3012));
#3014=SURFACE_STYLE_USAGE(.BOTH.,#3013);
#3015=PRESENTATION_STYLE_ASSIGNMENT((#3014));
#2858=STYLED_ITEM('',(#3015),#3008);
#3017=CARTESIAN_POINT('',(2.95,0.68,2.95));
#3018=DIRECTION('',(-1.,0.,0.));
#3019=DIRECTION('',(0.,0.,1.));
#3020=AXIS2_PLACEMENT_3D('',#3017,#3018,#3019);
#3021=PLANE('',#3020);
#3022=CARTESIAN_POINT('',(2.95,0.58,2.95));
#3023=VERTEX_POINT('',#3022);
#3024=CARTESIAN_POINT('',(2.95,0.58,2.85));
#3025=VERTEX_POINT('',#3024);
#3026=CARTESIAN_POINT('',(2.95,0.58,2.95));
#3027=DIRECTION('',(-0.,-0.,-1.));
#3028=VECTOR('',#3027,0.1);
#3029=LINE('',#3026,#3028);
#3030=EDGE_CURVE('NONE',#3023,#3025,#3029,.T.);
#3031=ORIENTED_EDGE('',*,*,#3030,.T.);
#3032=CARTESIAN_POINT('',(2.95,0.68,2.85));
#3033=VERTEX_POINT('',#3032);
#3034=CARTESIAN_POINT('',(2.95,0.68,2.85));
#3035=DIRECTION('',(-0.,-1.,-0.));
#3036=VECTOR('',#3035,0.1);
#3037=LINE('',#3034,#3036);
#3038=EDGE_CURVE('NONE',#3033,#3025,#3037,.T.);
#3039=ORIENTED_EDGE('',*,*,#3038,.F.);
#3040=CARTESIAN_POINT('',(2.95,0.68,2.95));
#3041=VERTEX_POINT('',#3040);
#3042=CARTESIAN_POINT('',(2.95,0.68,2.95));
#3043=DIRECTION('',(-0.,-0.,-1.));
#3044=VECTOR('',#3043,0.1);
#3045=LINE('',#3042,#3044);
#3046=EDGE_CURVE('NONE',#3041,#3033,#3045,.T.);
#3047=ORIENTED_EDGE('',*,*,#3046,.F.);
#3048=CARTESIAN_POINT('',(2.95,0.68,2.95));
#3049=DIRECTION('',(-0.,-1.,-0.));
#3050=VECTOR('',#3049,0.1);
#3051=LINE('',#3048,#3050);
#3052=EDGE_CURVE('NONE',#3041,#3023,#3051,.T.);
#3053=ORIENTED_EDGE('',*,*,#3052,.T.);
#3054=EDGE_LOOP('',(#3031,#3039,#3047,#3053));
#3055=FACE_BOUND('',#3054,.T.);
#3056=ADVANCED_FACE('NONE',(#3055),#3021,.F.);
#3057=CARTESIAN_POINT('',(2.95,0.68,2.85));
#3058=DIRECTION('',(0.,0.,1.));
#3059=DIRECTION('',(1.,0.,0.));
#3060=AXIS2_PLACEMENT_3D('',#3057,#3058,#3059);
#3061=PLANE('',#3060);
#3062=CARTESIAN_POINT('',(2.85,0.58,2.85));
#3063=VERTEX_POINT('',#3062);
#3064=CARTESIAN_POINT('',(2.95,0.58,2.85));
#3065=DIRECTION('',(-1.,-0.,0.));
#3066=VECTOR('',#3065,0.1);
#3067=LINE('',#3064,#3066);
#3068=EDGE_CURVE('NONE',#3025,#3063,#3067,.T.);
#3069=ORIENTED_EDGE('',*,*,#3068,.T.);
#3070=CARTESIAN_POINT('',(2.85,0.68,2.85));
#3071=VERTEX_POINT('',#3070);
#3072=CARTESIAN_POINT('',(2.85,0.68,2.85));
#3073=DIRECTION('',(-0.,-1.,-0.));
#3074=VECTOR('',#3073,0.1);
#3075=LINE('',#3072,#3074);
#3076=EDGE_CURVE('NONE',#3071,#3063,#3075,.T.);
#3077=ORIENTED_EDGE('',*,*,#3076,.F.);
#3078=CARTESIAN_POINT('',(2.95,0.68,2.85));
#3079=DIRECTION('',(-1.,-0.,0.));
#3080=VECTOR('',#3079,0.1);
#3081=LINE('',#3078,#3080);
#3082=EDGE_CURVE('NONE',#3033,#3071,#3081,.T.);
#3083=ORIENTED_EDGE('',*,*,#3082,.F.);
#3084=ORIENTED_EDGE('',*,*,#3038,.T.);
#3085=EDGE_LOOP('',(#3069,#3077,#3083,#3084));
#3086=FACE_BOUND('',#3085,.T.);
#3087=ADVANCED_FACE('NONE',(#3086),#3061,.F.);
#3088=CARTESIAN_POINT('',(2.85,0.68,2.85));
#3089=DIRECTION('',(1.,0.,0.));
#3090=DIRECTION('',(0.,0.,-1.));
#3091=AXIS2_PLACEMENT_3D('',#3088,#3089,#3090);
#3092=PLANE('',#3091);
#3093=CARTESIAN_POINT('',(2.85,0.58,2.95));
#3094=VERTEX_POINT('',#3093);
#3095=CARTESIAN_POINT('',(2.85,0.58,2.85));
#3096=DIRECTION('',(-0.,-0.,1.));
#3097=VECTOR('',#3096,0.1);
#3098=LINE('',#3095,#3097);
#3099=EDGE_CURVE('NONE',#3063,#3094,#3098,.T.);
#3100=ORIENTED_EDGE('',*,*,#3099,.T.);
#3101=CARTESIAN_POINT('',(2.85,0.68,2.95));
#3102=VERTEX_POINT('',#3101);
#3103=CARTESIAN_POINT('',(2.85,0.68,2.95));
#3104=DIRECTION('',(-0.,-1.,-0.));
#3105=VECTOR('',#3104,0.1);
#3106=LINE('',#3103,#3105);
#3107=EDGE_CURVE('NONE',#3102,#3094,#3106,.T.);
#3108=ORIENTED_EDGE('',*,*,#3107,.F.);
#3109=CARTESIAN_POINT('',(2.85,0.68,2.85));
#3110=DIRECTION('',(0.,0.,1.));
#3111=VECTOR('',#3110,0.1);
#3112=LINE('',#3109,#3111);
#3113=EDGE_CURVE('NONE',#3071,#3102,#3112,.T.);
#3114=ORIENTED_EDGE('',*,*,#3113,.F.);
#3115=ORIENTED_EDGE('',*,*,#3076,.T.);
#3116=EDGE_LOOP('',(#3100,#3108,#3114,#3115));
#3117=FACE_BOUND('',#3116,.T.);
#3118=ADVANCED_FACE('NONE',(#3117),#3092,.F.);
#3119=CARTESIAN_POINT('',(2.85,0.68,2.95));
#3120=DIRECTION('',(0.,0.,-1.));
#3121=DIRECTION('',(-1.,0.,0.));
#3122=AXIS2_PLACEMENT_3D('',#3119,#3120,#3121);
#3123=PLANE('',#3122);
#3124=CARTESIAN_POINT('',(2.85,0.58,2.95));
#3125=DIRECTION('',(1.,-0.,-0.));
#3126=VECTOR('',#3125,0.1);
#3127=LINE('',#3124,#3126);
#3128=EDGE_CURVE('NONE',#3094,#3023,#3127,.T.);
#3129=ORIENTED_EDGE('',*,*,#3128,.T.);
#3130=ORIENTED_EDGE('',*,*,#3052,.F.);
#3131=CARTESIAN_POINT('',(2.85,0.68,2.95));
#3132=DIRECTION('',(1.,0.,-0.));
#3133=VECTOR('',#3132,0.1);
#3134=LINE('',#3131,#3133);
#3135=EDGE_CURVE('NONE',#3102,#3041,#3134,.T.);
#3136=ORIENTED_EDGE('',*,*,#3135,.F.);
#3137=ORIENTED_EDGE('',*,*,#3107,.T.);
#3138=EDGE_LOOP('',(#3129,#3130,#3136,#3137));
#3139=FACE_BOUND('',#3138,.T.);
#3140=ADVANCED_FACE('NONE',(#3139),#3123,.F.);
#3141=CARTESIAN_POINT('',(0.,0.68,0.));
#3142=DIRECTION('',(0.,1.,0.));
#3143=DIRECTION('',(0.,0.,1.));
#3144=AXIS2_PLACEMENT_3D('',#3141,#3142,#3143);
#3145=PLANE('',#3144);
#3146=ORIENTED_EDGE('',*,*,#3046,.T.);
#3147=ORIENTED_EDGE('',*,*,#3082,.T.);
#3148=ORIENTED_EDGE('',*,*,#3113,.T.);
#3149=ORIENTED_EDGE('',*,*,#3135,.T.);
#3150=EDGE_LOOP('',(#3146,#3147,#3148,#3149));
#3151=FACE_BOUND('',#3150,.T.);
#3152=ADVANCED_FACE('NONE',(#3151),#3145,.T.);
#3153=CARTESIAN_POINT('',(0.,0.58,0.));
#3154=DIRECTION('',(0.,1.,0.));
#3155=DIRECTION('',(0.,0.,1.));
#3156=AXIS2_PLACEMENT_3D('',#3153,#3154,#3155);
#3157=PLANE('',#3156);
#3158=ORIENTED_EDGE('',*,*,#3030,.F.);
#3159=ORIENTED_EDGE('',*,*,#3128,.F.);
#3160=ORIENTED_EDGE('',*,*,#3099,.F.);
#3161=ORIENTED_EDGE('',*,*,#3068,.F.);
#3162=EDGE_LOOP('',(#3158,#3159,#3160,#3161));
#3163=FACE_BOUND('',#3162,.T.);
#3164=ADVANCED_FACE('NONE',(#3163),#3157,.F.);
#3165=CLOSED_SHELL('',(#3056,#3087,#3118,#3140,#3152,#3164));
#3166=MANIFOLD_SOLID_BREP('Boss-Extrude4[2]',#3165);
#3016=STYLED_ITEM('',(#3015),#3166);
#3168=CARTESIAN_POINT('',(-2.95,0.68,2.95));
#3169=DIRECTION('',(0.,0.,-1.));
#3170=DIRECTION('',(-1.,0.,0.));
#3171=AXIS2_PLACEMENT_3D('',#3168,#3169,#3170);
#3172=PLANE('',#3171);
#3173=CARTESIAN_POINT('',(-2.95,0.58,2.95));
#3174=VERTEX_POINT('',#3173);
#3175=CARTESIAN_POINT('',(-2.85,0.58,2.95));
#3176=VERTEX_POINT('',#3175);
#3177=CARTESIAN_POINT('',(-2.95,0.58,2.95));
#3178=DIRECTION('',(1.,-0.,-0.));
#3179=VECTOR('',#3178,0.1);
#3180=LINE('',#3177,#3179);
#3181=EDGE_CURVE('NONE',#3174,#3176,#3180,.T.);
#3182=ORIENTED_EDGE('',*,*,#3181,.T.);
#3183=CARTESIAN_POINT('',(-2.85,0.68,2.95));
#3184=VERTEX_POINT('',#3183);
#3185=CARTESIAN_POINT('',(-2.85,0.68,2.95));
#3186=DIRECTION('',(-0.,-1.,-0.));
#3187=VECTOR('',#3186,0.1);
#3188=LINE('',#3185,#3187);
#3189=EDGE_CURVE('NONE',#3184,#3176,#3188,.T.);
#3190=ORIENTED_EDGE('',*,*,#3189,.F.);
#3191=CARTESIAN_POINT('',(-2.95,0.68,2.95));
#3192=VERTEX_POINT('',#3191);
#3193=CARTESIAN_POINT('',(-2.95,0.68,2.95));
#3194=DIRECTION('',(1.,0.,-0.));
#3195=VECTOR('',#3194,0.1);
#3196=LINE('',#3193,#3195);
#3197=EDGE_CURVE('NONE',#3192,#3184,#3196,.T.);
#3198=ORIENTED_EDGE('',*,*,#3197,.F.);
#3199=CARTESIAN_POINT('',(-2.95,0.68,2.95));
#3200=DIRECTION('',(-0.,-1.,-0.));
#3201=VECTOR('',#3200,0.1);
#3202=LINE('',#3199,#3201);
#3203=EDGE_CURVE('NONE',#3192,#3174,#3202,.T.);
#3204=ORIENTED_EDGE('',*,*,#3203,.T.);
#3205=EDGE_LOOP('',(#3182,#3190,#3198,#3204));
#3206=FACE_BOUND('',#3205,.T.);
#3207=ADVANCED_FACE('NONE',(#3206),#3172,.F.);
#3208=CARTESIAN_POINT('',(-2.85,0.68,2.95));
#3209=DIRECTION('',(-1.,0.,0.));
#3210=DIRECTION('',(0.,0.,1.));
#3211=AXIS2_PLACEMENT_3D('',#3208,#3209,#3210);
#3212=PLANE('',#3211);
#3213=CARTESIAN_POINT('',(-2.85,0.58,2.85));
#3214=VERTEX_POINT('',#3213);
#3215=CARTESIAN_POINT('',(-2.85,0.58,2.95));
#3216=DIRECTION('',(-0.,-0.,-1.));
#3217=VECTOR('',#3216,0.1);
#3218=LINE('',#3215,#3217);
#3219=EDGE_CURVE('NONE',#3176,#3214,#3218,.T.);
#3220=ORIENTED_EDGE('',*,*,#3219,.T.);
#3221=CARTESIAN_POINT('',(-2.85,0.68,2.85));
#3222=VERTEX_POINT('',#3221);
#3223=CARTESIAN_POINT('',(-2.85,0.68,2.85));
#3224=DIRECTION('',(-0.,-1.,-0.));
#3225=VECTOR('',#3224,0.1);
#3226=LINE('',#3223,#3225);
#3227=EDGE_CURVE('NONE',#3222,#3214,#3226,.T.);
#3228=ORIENTED_EDGE('',*,*,#3227,.F.);
#3229=CARTESIAN_POINT('',(-2.85,0.68,2.95));
#3230=DIRECTION('',(-0.,-0.,-1.));
#3231=VECTOR('',#3230,0.1);
#3232=LINE('',#3229,#3231);
#3233=EDGE_CURVE('NONE',#3184,#3222,#3232,.T.);
#3234=ORIENTED_EDGE('',*,*,#3233,.F.);
#3235=ORIENTED_EDGE('',*,*,#3189,.T.);
#3236=EDGE_LOOP('',(#3220,#3228,#3234,#3235));
#3237=FACE_BOUND('',#3236,.T.);
#3238=ADVANCED_FACE('NONE',(#3237),#3212,.F.);
#3239=CARTESIAN_POINT('',(-2.85,0.68,2.85));
#3240=DIRECTION('',(0.,0.,1.));
#3241=DIRECTION('',(1.,0.,0.));
#3242=AXIS2_PLACEMENT_3D('',#3239,#3240,#3241);
#3243=PLANE('',#3242);
#3244=CARTESIAN_POINT('',(-2.95,0.58,2.85));
#3245=VERTEX_POINT('',#3244);
#3246=CARTESIAN_POINT('',(-2.85,0.58,2.85));
#3247=DIRECTION('',(-1.,-0.,0.));
#3248=VECTOR('',#3247,0.1);
#3249=LINE('',#3246,#3248);
#3250=EDGE_CURVE('NONE',#3214,#3245,#3249,.T.);
#3251=ORIENTED_EDGE('',*,*,#3250,.T.);
#3252=CARTESIAN_POINT('',(-2.95,0.68,2.85));
#3253=VERTEX_POINT('',#3252);
#3254=CARTESIAN_POINT('',(-2.95,0.68,2.85));
#3255=DIRECTION('',(-0.,-1.,-0.));
#3256=VECTOR('',#3255,0.1);
#3257=LINE('',#3254,#3256);
#3258=EDGE_CURVE('NONE',#3253,#3245,#3257,.T.);
#3259=ORIENTED_EDGE('',*,*,#3258,.F.);
#3260=CARTESIAN_POINT('',(-2.85,0.68,2.85));
#3261=DIRECTION('',(-1.,-0.,0.));
#3262=VECTOR('',#3261,0.1);
#3263=LINE('',#3260,#3262);
#3264=EDGE_CURVE('NONE',#3222,#3253,#3263,.T.);
#3265=ORIENTED_EDGE('',*,*,#3264,.F.);
#3266=ORIENTED_EDGE('',*,*,#3227,.T.);
#3267=EDGE_LOOP('',(#3251,#3259,#3265,#3266));
#3268=FACE_BOUND('',#3267,.T.);
#3269=ADVANCED_FACE('NONE',(#3268),#3243,.F.);
#3270=CARTESIAN_POINT('',(-2.95,0.68,2.85));
#3271=DIRECTION('',(1.,0.,0.));
#3272=DIRECTION('',(0.,0.,-1.));
#3273=AXIS2_PLACEMENT_3D('',#3270,#3271,#3272);
#3274=PLANE('',#3273);
#3275=CARTESIAN_POINT('',(-2.95,0.58,2.85));
#3276=DIRECTION('',(-0.,-0.,1.));
#3277=VECTOR('',#3276,0.1);
#3278=LINE('',#3275,#3277);
#3279=EDGE_CURVE('NONE',#3245,#3174,#3278,.T.);
#3280=ORIENTED_EDGE('',*,*,#3279,.T.);
#3281=ORIENTED_EDGE('',*,*,#3203,.F.);
#3282=CARTESIAN_POINT('',(-2.95,0.68,2.85));
#3283=DIRECTION('',(0.,0.,1.));
#3284=VECTOR('',#3283,0.1);
#3285=LINE('',#3282,#3284);
#3286=EDGE_CURVE('NONE',#3253,#3192,#3285,.T.);
#3287=ORIENTED_EDGE('',*,*,#3286,.F.);
#3288=ORIENTED_EDGE('',*,*,#3258,.T.);
#3289=EDGE_LOOP('',(#3280,#3281,#3287,#3288));
#3290=FACE_BOUND('',#3289,.T.);
#3291=ADVANCED_FACE('NONE',(#3290),#3274,.F.);
#3292=CARTESIAN_POINT('',(0.,0.68,0.));
#3293=DIRECTION('',(0.,1.,0.));
#3294=DIRECTION('',(0.,0.,1.));
#3295=AXIS2_PLACEMENT_3D('',#3292,#3293,#3294);
#3296=PLANE('',#3295);
#3297=ORIENTED_EDGE('',*,*,#3197,.T.);
#3298=ORIENTED_EDGE('',*,*,#3233,.T.);
#3299=ORIENTED_EDGE('',*,*,#3264,.T.);
#3300=ORIENTED_EDGE('',*,*,#3286,.T.);
#3301=EDGE_LOOP('',(#3297,#3298,#3299,#3300));
#3302=FACE_BOUND('',#3301,.T.);
#3303=ADVANCED_FACE('NONE',(#3302),#3296,.T.);
#3304=CARTESIAN_POINT('',(0.,0.58,0.));
#3305=DIRECTION('',(0.,1.,0.));
#3306=DIRECTION('',(0.,0.,1.));
#3307=AXIS2_PLACEMENT_3D('',#3304,#3305,#3306);
#3308=PLANE('',#3307);
#3309=ORIENTED_EDGE('',*,*,#3181,.F.);
#3310=ORIENTED_EDGE('',*,*,#3279,.F.);
#3311=ORIENTED_EDGE('',*,*,#3250,.F.);
#3312=ORIENTED_EDGE('',*,*,#3219,.F.);
#3313=EDGE_LOOP('',(#3309,#3310,#3311,#3312));
#3314=FACE_BOUND('',#3313,.T.);
#3315=ADVANCED_FACE('NONE',(#3314),#3308,.F.);
#3316=CLOSED_SHELL('',(#3207,#3238,#3269,#3291,#3303,#3315));
#3317=MANIFOLD_SOLID_BREP('Boss-Extrude4[3]',#3316);
#3167=STYLED_ITEM('',(#3015),#3317);
#3319=CARTESIAN_POINT('',(2.95,0.68,-2.95));
#3320=DIRECTION('',(0.,0.,1.));
#3321=DIRECTION('',(1.,0.,0.));
#3322=AXIS2_PLACEMENT_3D('',#3319,#3320,#3321);
#3323=PLANE('',#3322);
#3324=CARTESIAN_POINT('',(2.95,0.58,-2.95));
#3325=VERTEX_POINT('',#3324);
#3326=CARTESIAN_POINT('',(2.85,0.58,-2.95));
#3327=VERTEX_POINT('',#3326);
#3328=CARTESIAN_POINT('',(2.95,0.58,-2.95));
#3329=DIRECTION('',(-1.,-0.,0.));
#3330=VECTOR('',#3329,0.1);
#3331=LINE('',#3328,#3330);
#3332=EDGE_CURVE('NONE',#3325,#3327,#3331,.T.);
#3333=ORIENTED_EDGE('',*,*,#3332,.T.);
#3334=CARTESIAN_POINT('',(2.85,0.68,-2.95));
#3335=VERTEX_POINT('',#3334);
#3336=CARTESIAN_POINT('',(2.85,0.68,-2.95));
#3337=DIRECTION('',(-0.,-1.,-0.));
#3338=VECTOR('',#3337,0.1);
#3339=LINE('',#3336,#3338);
#3340=EDGE_CURVE('NONE',#3335,#3327,#3339,.T.);
#3341=ORIENTED_EDGE('',*,*,#3340,.F.);
#3342=CARTESIAN_POINT('',(2.95,0.68,-2.95));
#3343=VERTEX_POINT('',#3342);
#3344=CARTESIAN_POINT('',(2.95,0.68,-2.95));
#3345=DIRECTION('',(-1.,-0.,0.));
#3346=VECTOR('',#3345,0.1);
#3347=LINE('',#3344,#3346);
#3348=EDGE_CURVE('NONE',#3343,#3335,#3347,.T.);
#3349=ORIENTED_EDGE('',*,*,#3348,.F.);
#3350=CARTESIAN_POINT('',(2.95,0.68,-2.95));
#3351=DIRECTION('',(-0.,-1.,-0.));
#3352=VECTOR('',#3351,0.1);
#3353=LINE('',#3350,#3352);
#3354=EDGE_CURVE('NONE',#3343,#3325,#3353,.T.);
#3355=ORIENTED_EDGE('',*,*,#3354,.T.);
#3356=EDGE_LOOP('',(#3333,#3341,#3349,#3355));
#3357=FACE_BOUND('',#3356,.T.);
#3358=ADVANCED_FACE('NONE',(#3357),#3323,.F.);
#3359=CARTESIAN_POINT('',(2.85,0.68,-2.95));
#3360=DIRECTION('',(1.,0.,0.));
#3361=DIRECTION('',(0.,0.,-1.));
#3362=AXIS2_PLACEMENT_3D('',#3359,#3360,#3361);
#3363=PLANE('',#3362);
#3364=CARTESIAN_POINT('',(2.85,0.58,-2.85));
#3365=VERTEX_POINT('',#3364);
#3366=CARTESIAN_POINT('',(2.85,0.58,-2.95));
#3367=DIRECTION('',(-0.,-0.,1.));
#3368=VECTOR('',#3367,0.1);
#3369=LINE('',#3366,#3368);
#3370=EDGE_CURVE('NONE',#3327,#3365,#3369,.T.);
#3371=ORIENTED_EDGE('',*,*,#3370,.T.);
#3372=CARTESIAN_POINT('',(2.85,0.68,-2.85));
#3373=VERTEX_POINT('',#3372);
#3374=CARTESIAN_POINT('',(2.85,0.68,-2.85));
#3375=DIRECTION('',(-0.,-1.,-0.));
#3376=VECTOR('',#3375,0.1);
#3377=LINE('',#3374,#3376);
#3378=EDGE_CURVE('NONE',#3373,#3365,#3377,.T.);
#3379=ORIENTED_EDGE('',*,*,#3378,.F.);
#3380=CARTESIAN_POINT('',(2.85,0.68,-2.95));
#3381=DIRECTION('',(0.,0.,1.));
#3382=VECTOR('',#3381,0.1);
#3383=LINE('',#3380,#3382);
#3384=EDGE_CURVE('NONE',#3335,#3373,#3383,.T.);
#3385=ORIENTED_EDGE('',*,*,#3384,.F.);
#3386=ORIENTED_EDGE('',*,*,#3340,.T.);
#3387=EDGE_LOOP('',(#3371,#3379,#3385,#3386));
#3388=FACE_BOUND('',#3387,.T.);
#3389=ADVANCED_FACE('NONE',(#3388),#3363,.F.);
#3390=CARTESIAN_POINT('',(2.85,0.68,-2.85));
#3391=DIRECTION('',(0.,0.,-1.));
#3392=DIRECTION('',(-1.,0.,0.));
#3393=AXIS2_PLACEMENT_3D('',#3390,#3391,#3392);
#3394=PLANE('',#3393);
#3395=CARTESIAN_POINT('',(2.95,0.58,-2.85));
#3396=VERTEX_POINT('',#3395);
#3397=CARTESIAN_POINT('',(2.85,0.58,-2.85));
#3398=DIRECTION('',(1.,-0.,-0.));
#3399=VECTOR('',#3398,0.1);
#3400=LINE('',#3397,#3399);
#3401=EDGE_CURVE('NONE',#3365,#3396,#3400,.T.);
#3402=ORIENTED_EDGE('',*,*,#3401,.T.);
#3403=CARTESIAN_POINT('',(2.95,0.68,-2.85));
#3404=VERTEX_POINT('',#3403);
#3405=CARTESIAN_POINT('',(2.95,0.68,-2.85));
#3406=DIRECTION('',(-0.,-1.,-0.));
#3407=VECTOR('',#3406,0.1);
#3408=LINE('',#3405,#3407);
#3409=EDGE_CURVE('NONE',#3404,#3396,#3408,.T.);
#3410=ORIENTED_EDGE('',*,*,#3409,.F.);
#3411=CARTESIAN_POINT('',(2.85,0.68,-2.85));
#3412=DIRECTION('',(1.,0.,-0.));
#3413=VECTOR('',#3412,0.1);
#3414=LINE('',#3411,#3413);
#3415=EDGE_CURVE('NONE',#3373,#3404,#3414,.T.);
#3416=ORIENTED_EDGE('',*,*,#3415,.F.);
#3417=ORIENTED_EDGE('',*,*,#3378,.T.);
#3418=EDGE_LOOP('',(#3402,#3410,#3416,#3417));
#3419=FACE_BOUND('',#3418,.T.);
#3420=ADVANCED_FACE('NONE',(#3419),#3394,.F.);
#3421=CARTESIAN_POINT('',(2.95,0.68,-2.85));
#3422=DIRECTION('',(-1.,0.,0.));
#3423=DIRECTION('',(0.,0.,1.));
#3424=AXIS2_PLACEMENT_3D('',#3421,#3422,#3423);
#3425=PLANE('',#3424);
#3426=CARTESIAN_POINT('',(2.95,0.58,-2.85));
#3427=DIRECTION('',(-0.,-0.,-1.));
#3428=VECTOR('',#3427,0.1);
#3429=LINE('',#3426,#3428);
#3430=EDGE_CURVE('NONE',#3396,#3325,#3429,.T.);
#3431=ORIENTED_EDGE('',*,*,#3430,.T.);
#3432=ORIENTED_EDGE('',*,*,#3354,.F.);
#3433=CARTESIAN_POINT('',(2.95,0.68,-2.85));
#3434=DIRECTION('',(-0.,-0.,-1.));
#3435=VECTOR('',#3434,0.1);
#3436=LINE('',#3433,#3435);
#3437=EDGE_CURVE('NONE',#3404,#3343,#3436,.T.);
#3438=ORIENTED_EDGE('',*,*,#3437,.F.);
#3439=ORIENTED_EDGE('',*,*,#3409,.T.);
#3440=EDGE_LOOP('',(#3431,#3432,#3438,#3439));
#3441=FACE_BOUND('',#3440,.T.);
#3442=ADVANCED_FACE('NONE',(#3441),#3425,.F.);
#3443=CARTESIAN_POINT('',(0.,0.68,0.));
#3444=DIRECTION('',(0.,1.,0.));
#3445=DIRECTION('',(0.,0.,1.));
#3446=AXIS2_PLACEMENT_3D('',#3443,#3444,#3445);
#3447=PLANE('',#3446);
#3448=ORIENTED_EDGE('',*,*,#3348,.T.);
#3449=ORIENTED_EDGE('',*,*,#3384,.T.);
#3450=ORIENTED_EDGE('',*,*,#3415,.T.);
#3451=ORIENTED_EDGE('',*,*,#3437,.T.);
#3452=EDGE_LOOP('',(#3448,#3449,#3450,#3451));
#3453=FACE_BOUND('',#3452,.T.);
#3454=ADVANCED_FACE('NONE',(#3453),#3447,.T.);
#3455=CARTESIAN_POINT('',(0.,0.58,0.));
#3456=DIRECTION('',(0.,1.,0.));
#3457=DIRECTION('',(0.,0.,1.));
#3458=AXIS2_PLACEMENT_3D('',#3455,#3456,#3457);
#3459=PLANE('',#3458);
#3460=ORIENTED_EDGE('',*,*,#3332,.F.);
#3461=ORIENTED_EDGE('',*,*,#3430,.F.);
#3462=ORIENTED_EDGE('',*,*,#3401,.F.);
#3463=ORIENTED_EDGE('',*,*,#3370,.F.);
#3464=EDGE_LOOP('',(#3460,#3461,#3462,#3463));
#3465=FACE_BOUND('',#3464,.T.);
#3466=ADVANCED_FACE('NONE',(#3465),#3459,.F.);
#3467=CLOSED_SHELL('',(#3358,#3389,#3420,#3442,#3454,#3466));
#3468=MANIFOLD_SOLID_BREP('Boss-Extrude4[4]',#3467);
#3318=STYLED_ITEM('',(#3015),#3468);
#3470=CARTESIAN_POINT('',(2.78,0.68,-2.78));
#3471=DIRECTION('',(-1.,0.,0.));
#3472=DIRECTION('',(0.,0.,1.));
#3473=AXIS2_PLACEMENT_3D('',#3470,#3471,#3472);
#3474=PLANE('',#3473);
#3475=CARTESIAN_POINT('',(2.78,0.58,-2.78));
#3476=VERTEX_POINT('',#3475);
#3477=CARTESIAN_POINT('',(2.78,0.58,-3.));
#3478=VERTEX_POINT('',#3477);
#3479=CARTESIAN_POINT('',(2.78,0.58,-2.78));
#3480=DIRECTION('',(-0.,-0.,-1.));
#3481=VECTOR('',#3480,0.22);
#3482=LINE('',#3479,#3481);
#3483=EDGE_CURVE('NONE',#3476,#3478,#3482,.T.);
#3484=ORIENTED_EDGE('',*,*,#3483,.T.);
#3485=CARTESIAN_POINT('',(2.78,0.68,-3.));
#3486=VERTEX_POINT('',#3485);
#3487=CARTESIAN_POINT('',(2.78,0.68,-3.));
#3488=DIRECTION('',(-0.,-1.,-0.));
#3489=VECTOR('',#3488,0.1);
#3490=LINE('',#3487,#3489);
#3491=EDGE_CURVE('NONE',#3486,#3478,#3490,.T.);
#3492=ORIENTED_EDGE('',*,*,#3491,.F.);
#3493=CARTESIAN_POINT('',(2.78,0.68,-2.78));
#3494=VERTEX_POINT('',#3493);
#3495=CARTESIAN_POINT('',(2.78,0.68,-2.78));
#3496=DIRECTION('',(-0.,-0.,-1.));
#3497=VECTOR('',#3496,0.22);
#3498=LINE('',#3495,#3497);
#3499=EDGE_CURVE('NONE',#3494,#3486,#3498,.T.);
#3500=ORIENTED_EDGE('',*,*,#3499,.F.);
#3501=CARTESIAN_POINT('',(2.78,0.68,-2.78));
#3502=DIRECTION('',(-0.,-1.,-0.));
#3503=VECTOR('',#3502,0.1);
#3504=LINE('',#3501,#3503);
#3505=EDGE_CURVE('NONE',#3494,#3476,#3504,.T.);
#3506=ORIENTED_EDGE('',*,*,#3505,.T.);
#3507=EDGE_LOOP('',(#3484,#3492,#3500,#3506));
#3508=FACE_BOUND('',#3507,.T.);
#3509=ADVANCED_FACE('NONE',(#3508),#3474,.F.);
#3510=CARTESIAN_POINT('',(2.78,0.68,-3.));
#3511=DIRECTION('',(0.,0.,1.));
#3512=DIRECTION('',(1.,0.,0.));
#3513=AXIS2_PLACEMENT_3D('',#3510,#3511,#3512);
#3514=PLANE('',#3513);
#3515=CARTESIAN_POINT('',(-2.78,0.58,-3.));
#3516=VERTEX_POINT('',#3515);
#3517=CARTESIAN_POINT('',(2.78,0.58,-3.));
#3518=DIRECTION('',(-1.,-0.,0.));
#3519=VECTOR('',#3518,5.56);
#3520=LINE('',#3517,#3519);
#3521=EDGE_CURVE('NONE',#3478,#3516,#3520,.T.);
#3522=ORIENTED_EDGE('',*,*,#3521,.T.);
#3523=CARTESIAN_POINT('',(-2.78,0.68,-3.));
#3524=VERTEX_POINT('',#3523);
#3525=CARTESIAN_POINT('',(-2.78,0.68,-3.));
#3526=DIRECTION('',(-0.,-1.,-0.));
#3527=VECTOR('',#3526,0.1);
#3528=LINE('',#3525,#3527);
#3529=EDGE_CURVE('NONE',#3524,#3516,#3528,.T.);
#3530=ORIENTED_EDGE('',*,*,#3529,.F.);
#3531=CARTESIAN_POINT('',(2.78,0.68,-3.));
#3532=DIRECTION('',(-1.,-0.,0.));
#3533=VECTOR('',#3532,5.56);
#3534=LINE('',#3531,#3533);
#3535=EDGE_CURVE('NONE',#3486,#3524,#3534,.T.);
#3536=ORIENTED_EDGE('',*,*,#3535,.F.);
#3537=ORIENTED_EDGE('',*,*,#3491,.T.);
#3538=EDGE_LOOP('',(#3522,#3530,#3536,#3537));
#3539=FACE_BOUND('',#3538,.T.);
#3540=ADVANCED_FACE('NONE',(#3539),#3514,.F.);
#3541=CARTESIAN_POINT('',(-2.78,0.68,-3.));
#3542=DIRECTION('',(1.,0.,0.));
#3543=DIRECTION('',(0.,0.,-1.));
#3544=AXIS2_PLACEMENT_3D('',#3541,#3542,#3543);
#3545=PLANE('',#3544);
#3546=CARTESIAN_POINT('',(-2.78,0.58,-2.78));
#3547=VERTEX_POINT('',#3546);
#3548=CARTESIAN_POINT('',(-2.78,0.58,-3.));
#3549=DIRECTION('',(-0.,-0.,1.));
#3550=VECTOR('',#3549,0.22);
#3551=LINE('',#3548,#3550);
#3552=EDGE_CURVE('NONE',#3516,#3547,#3551,.T.);
#3553=ORIENTED_EDGE('',*,*,#3552,.T.);
#3554=CARTESIAN_POINT('',(-2.78,0.68,-2.78));
#3555=VERTEX_POINT('',#3554);
#3556=CARTESIAN_POINT('',(-2.78,0.68,-2.78));
#3557=DIRECTION('',(-0.,-1.,-0.));
#3558=VECTOR('',#3557,0.1);
#3559=LINE('',#3556,#3558);
#3560=EDGE_CURVE('NONE',#3555,#3547,#3559,.T.);
#3561=ORIENTED_EDGE('',*,*,#3560,.F.);
#3562=CARTESIAN_POINT('',(-2.78,0.68,-3.));
#3563=DIRECTION('',(0.,0.,1.));
#3564=VECTOR('',#3563,0.22);
#3565=LINE('',#3562,#3564);
#3566=EDGE_CURVE('NONE',#3524,#3555,#3565,.T.);
#3567=ORIENTED_EDGE('',*,*,#3566,.F.);
#3568=ORIENTED_EDGE('',*,*,#3529,.T.);
#3569=EDGE_LOOP('',(#3553,#3561,#3567,#3568));
#3570=FACE_BOUND('',#3569,.T.);
#3571=ADVANCED_FACE('NONE',(#3570),#3545,.F.);
#3572=CARTESIAN_POINT('',(-2.78,0.68,-2.78));
#3573=DIRECTION('',(-0.,0.,1.));
#3574=DIRECTION('',(1.,0.,0.));
#3575=AXIS2_PLACEMENT_3D('',#3572,#3573,#3574);
#3576=PLANE('',#3575);
#3577=CARTESIAN_POINT('',(-3.,0.58,-2.78));
#3578=VERTEX_POINT('',#3577);
#3579=CARTESIAN_POINT('',(-2.78,0.58,-2.78));
#3580=DIRECTION('',(-1.,-0.,-0.));
#3581=VECTOR('',#3580,0.22);
#3582=LINE('',#3579,#3581);
#3583=EDGE_CURVE('NONE',#3547,#3578,#3582,.T.);
#3584=ORIENTED_EDGE('',*,*,#3583,.T.);
#3585=CARTESIAN_POINT('',(-3.,0.68,-2.78));
#3586=VERTEX_POINT('',#3585);
#3587=CARTESIAN_POINT('',(-3.,0.68,-2.78));
#3588=DIRECTION('',(-0.,-1.,-0.));
#3589=VECTOR('',#3588,0.1);
#3590=LINE('',#3587,#3589);
#3591=EDGE_CURVE('NONE',#3586,#3578,#3590,.T.);
#3592=ORIENTED_EDGE('',*,*,#3591,.F.);
#3593=CARTESIAN_POINT('',(-2.78,0.68,-2.78));
#3594=DIRECTION('',(-1.,-0.,0.));
#3595=VECTOR('',#3594,0.22);
#3596=LINE('',#3593,#3595);
#3597=EDGE_CURVE('NONE',#3555,#3586,#3596,.T.);
#3598=ORIENTED_EDGE('',*,*,#3597,.F.);
#3599=ORIENTED_EDGE('',*,*,#3560,.T.);
#3600=EDGE_LOOP('',(#3584,#3592,#3598,#3599));
#3601=FACE_BOUND('',#3600,.T.);
#3602=ADVANCED_FACE('NONE',(#3601),#3576,.F.);
#3603=CARTESIAN_POINT('',(-3.,0.68,-2.78));
#3604=DIRECTION('',(1.,0.,0.));
#3605=DIRECTION('',(0.,0.,-1.));
#3606=AXIS2_PLACEMENT_3D('',#3603,#3604,#3605);
#3607=PLANE('',#3606);
#3608=CARTESIAN_POINT('',(-3.,0.58,2.78));
#3609=VERTEX_POINT('',#3608);
#3610=CARTESIAN_POINT('',(-3.,0.58,-2.78));
#3611=DIRECTION('',(-0.,-0.,1.));
#3612=VECTOR('',#3611,5.56);
#3613=LINE('',#3610,#3612);
#3614=EDGE_CURVE('NONE',#3578,#3609,#3613,.T.);
#3615=ORIENTED_EDGE('',*,*,#3614,.T.);
#3616=CARTESIAN_POINT('',(-3.,0.68,2.78));
#3617=VERTEX_POINT('',#3616);
#3618=CARTESIAN_POINT('',(-3.,0.68,2.78));
#3619=DIRECTION('',(-0.,-1.,-0.));
#3620=VECTOR('',#3619,0.1);
#3621=LINE('',#3618,#3620);
#3622=EDGE_CURVE('NONE',#3617,#3609,#3621,.T.);
#3623=ORIENTED_EDGE('',*,*,#3622,.F.);
#3624=CARTESIAN_POINT('',(-3.,0.68,-2.78));
#3625=DIRECTION('',(0.,0.,1.));
#3626=VECTOR('',#3625,5.56);
#3627=LINE('',#3624,#3626);
#3628=EDGE_CURVE('NONE',#3586,#3617,#3627,.T.);
#3629=ORIENTED_EDGE('',*,*,#3628,.F.);
#3630=ORIENTED_EDGE('',*,*,#3591,.T.);
#3631=EDGE_LOOP('',(#3615,#3623,#3629,#3630));
#3632=FACE_BOUND('',#3631,.T.);
#3633=ADVANCED_FACE('NONE',(#3632),#3607,.F.);
#3634=CARTESIAN_POINT('',(-3.,0.68,2.78));
#3635=DIRECTION('',(0.,0.,-1.));
#3636=DIRECTION('',(-1.,0.,-0.));
#3637=AXIS2_PLACEMENT_3D('',#3634,#3635,#3636);
#3638=PLANE('',#3637);
#3639=CARTESIAN_POINT('',(-2.78,0.58,2.78));
#3640=VERTEX_POINT('',#3639);
#3641=CARTESIAN_POINT('',(-3.,0.58,2.78));
#3642=DIRECTION('',(1.,-0.,0.));
#3643=VECTOR('',#3642,0.22);
#3644=LINE('',#3641,#3643);
#3645=EDGE_CURVE('NONE',#3609,#3640,#3644,.T.);
#3646=ORIENTED_EDGE('',*,*,#3645,.T.);
#3647=CARTESIAN_POINT('',(-2.78,0.68,2.78));
#3648=VERTEX_POINT('',#3647);
#3649=CARTESIAN_POINT('',(-2.78,0.68,2.78));
#3650=DIRECTION('',(-0.,-1.,-0.));
#3651=VECTOR('',#3650,0.1);
#3652=LINE('',#3649,#3651);
#3653=EDGE_CURVE('NONE',#3648,#3640,#3652,.T.);
#3654=ORIENTED_EDGE('',*,*,#3653,.F.);
#3655=CARTESIAN_POINT('',(-3.,0.68,2.78));
#3656=DIRECTION('',(1.,0.,-0.));
#3657=VECTOR('',#3656,0.22);
#3658=LINE('',#3655,#3657);
#3659=EDGE_CURVE('NONE',#3617,#3648,#3658,.T.);
#3660=ORIENTED_EDGE('',*,*,#3659,.F.);
#3661=ORIENTED_EDGE('',*,*,#3622,.T.);
#3662=EDGE_LOOP('',(#3646,#3654,#3660,#3661));
#3663=FACE_BOUND('',#3662,.T.);
#3664=ADVANCED_FACE('NONE',(#3663),#3638,.F.);
#3665=CARTESIAN_POINT('',(-2.78,0.68,2.78));
#3666=DIRECTION('',(1.,0.,0.));
#3667=DIRECTION('',(0.,0.,-1.));
#3668=AXIS2_PLACEMENT_3D('',#3665,#3666,#3667);
#3669=PLANE('',#3668);
#3670=CARTESIAN_POINT('',(-2.78,0.58,3.));
#3671=VERTEX_POINT('',#3670);
#3672=CARTESIAN_POINT('',(-2.78,0.58,2.78));
#3673=DIRECTION('',(-0.,-0.,1.));
#3674=VECTOR('',#3673,0.22);
#3675=LINE('',#3672,#3674);
#3676=EDGE_CURVE('NONE',#3640,#3671,#3675,.T.);
#3677=ORIENTED_EDGE('',*,*,#3676,.T.);
#3678=CARTESIAN_POINT('',(-2.78,0.68,3.));
#3679=VERTEX_POINT('',#3678);
#3680=CARTESIAN_POINT('',(-2.78,0.68,3.));
#3681=DIRECTION('',(-0.,-1.,-0.));
#3682=VECTOR('',#3681,0.1);
#3683=LINE('',#3680,#3682);
#3684=EDGE_CURVE('NONE',#3679,#3671,#3683,.T.);
#3685=ORIENTED_EDGE('',*,*,#3684,.F.);
#3686=CARTESIAN_POINT('',(-2.78,0.68,2.78));
#3687=DIRECTION('',(0.,0.,1.));
#3688=VECTOR('',#3687,0.22);
#3689=LINE('',#3686,#3688);
#3690=EDGE_CURVE('NONE',#3648,#3679,#3689,.T.);
#3691=ORIENTED_EDGE('',*,*,#3690,.F.);
#3692=ORIENTED_EDGE('',*,*,#3653,.T.);
#3693=EDGE_LOOP('',(#3677,#3685,#3691,#3692));
#3694=FACE_BOUND('',#3693,.T.);
#3695=ADVANCED_FACE('NONE',(#3694),#3669,.F.);
#3696=CARTESIAN_POINT('',(-2.78,0.68,3.));
#3697=DIRECTION('',(-0.,0.,-1.));
#3698=DIRECTION('',(-1.,0.,0.));
#3699=AXIS2_PLACEMENT_3D('',#3696,#3697,#3698);
#3700=PLANE('',#3699);
#3701=CARTESIAN_POINT('',(2.78,0.58,3.));
#3702=VERTEX_POINT('',#3701);
#3703=CARTESIAN_POINT('',(-2.78,0.58,3.));
#3704=DIRECTION('',(1.,-0.,-0.));
#3705=VECTOR('',#3704,5.56);
#3706=LINE('',#3703,#3705);
#3707=EDGE_CURVE('NONE',#3671,#3702,#3706,.T.);
#3708=ORIENTED_EDGE('',*,*,#3707,.T.);
#3709=CARTESIAN_POINT('',(2.78,0.68,3.));
#3710=VERTEX_POINT('',#3709);
#3711=CARTESIAN_POINT('',(2.78,0.68,3.));
#3712=DIRECTION('',(-0.,-1.,-0.));
#3713=VECTOR('',#3712,0.1);
#3714=LINE('',#3711,#3713);
#3715=EDGE_CURVE('NONE',#3710,#3702,#3714,.T.);
#3716=ORIENTED_EDGE('',*,*,#3715,.F.);
#3717=CARTESIAN_POINT('',(-2.78,0.68,3.));
#3718=DIRECTION('',(1.,0.,-0.));
#3719=VECTOR('',#3718,5.56);
#3720=LINE('',#3717,#3719);
#3721=EDGE_CURVE('NONE',#3679,#3710,#3720,.T.);
#3722=ORIENTED_EDGE('',*,*,#3721,.F.);
#3723=ORIENTED_EDGE('',*,*,#3684,.T.);
#3724=EDGE_LOOP('',(#3708,#3716,#3722,#3723));
#3725=FACE_BOUND('',#3724,.T.);
#3726=ADVANCED_FACE('NONE',(#3725),#3700,.F.);
#3727=CARTESIAN_POINT('',(2.78,0.68,3.));
#3728=DIRECTION('',(-1.,0.,0.));
#3729=DIRECTION('',(0.,0.,1.));
#3730=AXIS2_PLACEMENT_3D('',#3727,#3728,#3729);
#3731=PLANE('',#3730);
#3732=CARTESIAN_POINT('',(2.78,0.58,2.78));
#3733=VERTEX_POINT('',#3732);
#3734=CARTESIAN_POINT('',(2.78,0.58,3.));
#3735=DIRECTION('',(-0.,-0.,-1.));
#3736=VECTOR('',#3735,0.22);
#3737=LINE('',#3734,#3736);
#3738=EDGE_CURVE('NONE',#3702,#3733,#3737,.T.);
#3739=ORIENTED_EDGE('',*,*,#3738,.T.);
#3740=CARTESIAN_POINT('',(2.78,0.68,2.78));
#3741=VERTEX_POINT('',#3740);
#3742=CARTESIAN_POINT('',(2.78,0.68,2.78));
#3743=DIRECTION('',(-0.,-1.,-0.));
#3744=VECTOR('',#3743,0.1);
#3745=LINE('',#3742,#3744);
#3746=EDGE_CURVE('NONE',#3741,#3733,#3745,.T.);
#3747=ORIENTED_EDGE('',*,*,#3746,.F.);
#3748=CARTESIAN_POINT('',(2.78,0.68,3.));
#3749=DIRECTION('',(-0.,-0.,-1.));
#3750=VECTOR('',#3749,0.22);
#3751=LINE('',#3748,#3750);
#3752=EDGE_CURVE('NONE',#3710,#3741,#3751,.T.);
#3753=ORIENTED_EDGE('',*,*,#3752,.F.);
#3754=ORIENTED_EDGE('',*,*,#3715,.T.);
#3755=EDGE_LOOP('',(#3739,#3747,#3753,#3754));
#3756=FACE_BOUND('',#3755,.T.);
#3757=ADVANCED_FACE('NONE',(#3756),#3731,.F.);
#3758=CARTESIAN_POINT('',(2.78,0.68,2.78));
#3759=DIRECTION('',(-0.,0.,-1.));
#3760=DIRECTION('',(-1.,0.,0.));
#3761=AXIS2_PLACEMENT_3D('',#3758,#3759,#3760);
#3762=PLANE('',#3761);
#3763=CARTESIAN_POINT('',(3.,0.58,2.78));
#3764=VERTEX_POINT('',#3763);
#3765=CARTESIAN_POINT('',(2.78,0.58,2.78));
#3766=DIRECTION('',(1.,-0.,-0.));
#3767=VECTOR('',#3766,0.22);
#3768=LINE('',#3765,#3767);
#3769=EDGE_CURVE('NONE',#3733,#3764,#3768,.T.);
#3770=ORIENTED_EDGE('',*,*,#3769,.T.);
#3771=CARTESIAN_POINT('',(3.,0.68,2.78));
#3772=VERTEX_POINT('',#3771);
#3773=CARTESIAN_POINT('',(3.,0.68,2.78));
#3774=DIRECTION('',(-0.,-1.,-0.));
#3775=VECTOR('',#3774,0.1);
#3776=LINE('',#3773,#3775);
#3777=EDGE_CURVE('NONE',#3772,#3764,#3776,.T.);
#3778=ORIENTED_EDGE('',*,*,#3777,.F.);
#3779=CARTESIAN_POINT('',(2.78,0.68,2.78));
#3780=DIRECTION('',(1.,0.,-0.));
#3781=VECTOR('',#3780,0.22);
#3782=LINE('',#3779,#3781);
#3783=EDGE_CURVE('NONE',#3741,#3772,#3782,.T.);
#3784=ORIENTED_EDGE('',*,*,#3783,.F.);
#3785=ORIENTED_EDGE('',*,*,#3746,.T.);
#3786=EDGE_LOOP('',(#3770,#3778,#3784,#3785));
#3787=FACE_BOUND('',#3786,.T.);
#3788=ADVANCED_FACE('NONE',(#3787),#3762,.F.);
#3789=CARTESIAN_POINT('',(3.,0.68,2.78));
#3790=DIRECTION('',(-1.,0.,0.));
#3791=DIRECTION('',(0.,0.,1.));
#3792=AXIS2_PLACEMENT_3D('',#3789,#3790,#3791);
#3793=PLANE('',#3792);
#3794=CARTESIAN_POINT('',(3.,0.58,-2.78));
#3795=VERTEX_POINT('',#3794);
#3796=CARTESIAN_POINT('',(3.,0.58,2.78));
#3797=DIRECTION('',(-0.,-0.,-1.));
#3798=VECTOR('',#3797,5.56);
#3799=LINE('',#3796,#3798);
#3800=EDGE_CURVE('NONE',#3764,#3795,#3799,.T.);
#3801=ORIENTED_EDGE('',*,*,#3800,.T.);
#3802=CARTESIAN_POINT('',(3.,0.68,-2.78));
#3803=VERTEX_POINT('',#3802);
#3804=CARTESIAN_POINT('',(3.,0.68,-2.78));
#3805=DIRECTION('',(-0.,-1.,-0.));
#3806=VECTOR('',#3805,0.1);
#3807=LINE('',#3804,#3806);
#3808=EDGE_CURVE('NONE',#3803,#3795,#3807,.T.);
#3809=ORIENTED_EDGE('',*,*,#3808,.F.);
#3810=CARTESIAN_POINT('',(3.,0.68,2.78));
#3811=DIRECTION('',(-0.,-0.,-1.));
#3812=VECTOR('',#3811,5.56);
#3813=LINE('',#3810,#3812);
#3814=EDGE_CURVE('NONE',#3772,#3803,#3813,.T.);
#3815=ORIENTED_EDGE('',*,*,#3814,.F.);
#3816=ORIENTED_EDGE('',*,*,#3777,.T.);
#3817=EDGE_LOOP('',(#3801,#3809,#3815,#3816));
#3818=FACE_BOUND('',#3817,.T.);
#3819=ADVANCED_FACE('NONE',(#3818),#3793,.F.);
#3820=CARTESIAN_POINT('',(3.,0.68,-2.78));
#3821=DIRECTION('',(-0.,0.,1.));
#3822=DIRECTION('',(1.,0.,0.));
#3823=AXIS2_PLACEMENT_3D('',#3820,#3821,#3822);
#3824=PLANE('',#3823);
#3825=CARTESIAN_POINT('',(3.,0.58,-2.78));
#3826=DIRECTION('',(-1.,-0.,-0.));
#3827=VECTOR('',#3826,0.22);
#3828=LINE('',#3825,#3827);
#3829=EDGE_CURVE('NONE',#3795,#3476,#3828,.T.);
#3830=ORIENTED_EDGE('',*,*,#3829,.T.);
#3831=ORIENTED_EDGE('',*,*,#3505,.F.);
#3832=CARTESIAN_POINT('',(3.,0.68,-2.78));
#3833=DIRECTION('',(-1.,-0.,0.));
#3834=VECTOR('',#3833,0.22);
#3835=LINE('',#3832,#3834);
#3836=EDGE_CURVE('NONE',#3803,#3494,#3835,.T.);
#3837=ORIENTED_EDGE('',*,*,#3836,.F.);
#3838=ORIENTED_EDGE('',*,*,#3808,.T.);
#3839=EDGE_LOOP('',(#3830,#3831,#3837,#3838));
#3840=FACE_BOUND('',#3839,.T.);
#3841=ADVANCED_FACE('NONE',(#3840),#3824,.F.);
#3842=CARTESIAN_POINT('',(0.,0.68,0.));
#3843=DIRECTION('',(0.,1.,0.));
#3844=DIRECTION('',(0.,0.,1.));
#3845=AXIS2_PLACEMENT_3D('',#3842,#3843,#3844);
#3846=PLANE('',#3845);
#3847=ORIENTED_EDGE('',*,*,#3499,.T.);
#3848=ORIENTED_EDGE('',*,*,#3535,.T.);
#3849=ORIENTED_EDGE('',*,*,#3566,.T.);
#3850=ORIENTED_EDGE('',*,*,#3597,.T.);
#3851=ORIENTED_EDGE('',*,*,#3628,.T.);
#3852=ORIENTED_EDGE('',*,*,#3659,.T.);
#3853=ORIENTED_EDGE('',*,*,#3690,.T.);
#3854=ORIENTED_EDGE('',*,*,#3721,.T.);
#3855=ORIENTED_EDGE('',*,*,#3752,.T.);
#3856=ORIENTED_EDGE('',*,*,#3783,.T.);
#3857=ORIENTED_EDGE('',*,*,#3814,.T.);
#3858=ORIENTED_EDGE('',*,*,#3836,.T.);
#3859=EDGE_LOOP('',(#3847,#3848,#3849,#3850,#3851,#3852,#3853,#3854,#3855,#3856,#3857,#3858));
#3860=FACE_BOUND('',#3859,.T.);
#3861=ADVANCED_FACE('NONE',(#3860),#3846,.T.);
#3862=DRAUGHTING_PRE_DEFINED_COLOUR('black');
#3863=FILL_AREA_STYLE_COLOUR('',#3862);
#3864=FILL_AREA_STYLE('',(#3863));
#3865=SURFACE_STYLE_FILL_AREA(#3864);
#3866=SURFACE_SIDE_STYLE('',(#3865));
#3867=SURFACE_STYLE_USAGE(.BOTH.,#3866);
#3868=PRESENTATION_STYLE_ASSIGNMENT((#3867));
#3869=OVER_RIDING_STYLED_ITEM('',(#3868),#3861,#3469);
#3870=CARTESIAN_POINT('',(0.,0.58,0.));
#3871=DIRECTION('',(0.,1.,0.));
#3872=DIRECTION('',(0.,0.,1.));
#3873=AXIS2_PLACEMENT_3D('',#3870,#3871,#3872);
#3874=PLANE('',#3873);
#3875=ORIENTED_EDGE('',*,*,#3483,.F.);
#3876=ORIENTED_EDGE('',*,*,#3829,.F.);
#3877=ORIENTED_EDGE('',*,*,#3800,.F.);
#3878=ORIENTED_EDGE('',*,*,#3769,.F.);
#3879=ORIENTED_EDGE('',*,*,#3738,.F.);
#3880=ORIENTED_EDGE('',*,*,#3707,.F.);
#3881=ORIENTED_EDGE('',*,*,#3676,.F.);
#3882=ORIENTED_EDGE('',*,*,#3645,.F.);
#3883=ORIENTED_EDGE('',*,*,#3614,.F.);
#3884=ORIENTED_EDGE('',*,*,#3583,.F.);
#3885=ORIENTED_EDGE('',*,*,#3552,.F.);
#3886=ORIENTED_EDGE('',*,*,#3521,.F.);
#3887=EDGE_LOOP('',(#3875,#3876,#3877,#3878,#3879,#3880,#3881,#3882,#3883,#3884,#3885,#3886));
#3888=FACE_BOUND('',#3887,.T.);
#3889=ADVANCED_FACE('NONE',(#3888),#3874,.F.);
#3890=CLOSED_SHELL('',(#3509,#3540,#3571,#3602,#3633,#3664,#3695,#3726,#3757,#3788,#3819,#3841,#3861,#3889));
#3891=MANIFOLD_SOLID_BREP('Boss-Extrude4[5]',#3890);
#3469=STYLED_ITEM('',(#3015),#3891);
#35=SHAPE_REPRESENTATION('temp_import.STEP',(#15),#33);
#36=ADVANCED_BREP_SHAPE_REPRESENTATION('temp_import.STEP',(#249,#410,#564,#718,#1414,#1718,#2850,#3008,#3166,#3317,#3468,#3891),#33);
#3899=SHAPE_REPRESENTATION_RELATIONSHIP('','',#35,#36);
#3900=APPLICATION_CONTEXT('data for automotive mechanical design processes');
#3901=APPLICATION_PROTOCOL_DEFINITION('international standard','automotive_design',1994,#3900);
#3902=PRODUCT_CONTEXT('',#3900,'mechanical');
#3903=PRODUCT_DEFINITION_CONTEXT('part definition',#3900,'design');
#43=PRODUCT('temp_import.STEP','temp_import.STEP','',(#3902));
#3904=PRODUCT_RELATED_PRODUCT_CATEGORY('part','',(#43));
#3905=PRODUCT_DEFINITION_FORMATION_WITH_SPECIFIED_SOURCE('','',#43,.NOT_KNOWN.);
#44=PRODUCT_DEFINITION('design','',#3905,#3903);
#42=PRODUCT_DEFINITION_SHAPE('','',#44);
#3906=SHAPE_DEFINITION_REPRESENTATION(#42,#35);
#34=DRAUGHTING_MODEL('',(),#33);
#16=SHAPE_REPRESENTATION('root',(#15,#48),#10);
#24=PRODUCT('root','root','',(#3902));
#3907=PRODUCT_RELATED_PRODUCT_CATEGORY('part','',(#24));
#3908=PRODUCT_DEFINITION_FORMATION_WITH_SPECIFIED_SOURCE('','',#24,.NOT_KNOWN.);
#25=PRODUCT_DEFINITION('design','',#3908,#3903);
#23=PRODUCT_DEFINITION_SHAPE('','',#25);
#3909=SHAPE_DEFINITION_REPRESENTATION(#23,#16);
#11=DRAUGHTING_MODEL('',(),#10);
#1=MECHANICAL_DESIGN_GEOMETRIC_PRESENTATION_REPRESENTATION('',(#235,#54,#408,#257,#562,#411,#716,#565,#1412,#719,#1636,#1661,#1686,#1704,#1415,#1726,#2858,#3016,#3167,#3318,#3869,#3469),#10);
ENDSEC;
END-ISO-10303-21;
